barcode,is_cell,contig_id,high_confidence,length,chain,v_gene,d_gene,j_gene,c_gene,full_length,productive,fwr1,fwr1_nt,cdr1,cdr1_nt,fwr2,fwr2_nt,cdr2,cdr2_nt,fwr3,fwr3_nt,cdr3,cdr3_nt,fwr4,fwr4_nt,reads,umis,raw_clonotype_id,raw_consensus_id,exact_subclonotype_id
AAACCTGAGCTAACTC-1,false,AAACCTGAGCTAACTC-1_contig_1,false,510,TRB,TRBV12-3,,TRBJ2-4,TRBC2,true,true,,,,,,,,,,,CASSLGSGRRENIQYF,TGTGCCAGCAGTTTAGGTAGCGGGAGGCGGGAGAACATTCAGTACTTC,,,1088,1,,,
AAACCTGCAAGGTTCT-1,false,AAACCTGCAAGGTTCT-1_contig_1,true,308,None,,,TRBJ2-2P,TRBC2,false,false,,,,,,,,,,,,,,,49078,4,,,
AAACCTGTCTCGCTTG-1,false,AAACCTGTCTCGCTTG-1_contig_1,false,464,TRB,TRBV9,,TRBJ1-2,TRBC1,true,true,,,,,,,,,,,CASSVADSFYGYTF,TGTGCCAGCAGCGTAGCGGACTCCTTCTATGGCTACACCTTC,,,16742,1,,,
AAACGGGAGAGATGAG-1,false,AAACGGGAGAGATGAG-1_contig_1,false,684,TRA,TRAV8-3,,TRAJ10,TRAC,true,true,,,,,,,,,,,CAVGAGGGNKLTF,TGTGCTGTGGGTGCGGGAGGAGGAAACAAACTCACCTTT,,,14938,1,,,
AAACGGGCAGTTAACC-1,false,AAACGGGCAGTTAACC-1_contig_1,false,366,None,,,TRBJ2-4,TRBC2,false,false,,,,,,,,,,,,,,,60,1,,,
AAACGGGCATGCCCGA-1,false,AAACGGGCATGCCCGA-1_contig_1,false,509,TRA,TRAV14/DV4,,TRAJ17,TRAC,true,true,,,,,,,,,,,CAMREGRTGNKLTF,TGTGCAATGAGAGAGGGCCGGACAGGCAACAAGCTAACTTTT,,,21592,1,,,
AAACGGGGTAGAGTGC-1,false,AAACGGGGTAGAGTGC-1_contig_1,true,374,None,,,TRBJ2-1,TRBC2,false,false,,,,,,,,,,,,,,,13662,2,,,
AAACGGGGTGTTCTTT-1,false,AAACGGGGTGTTCTTT-1_contig_1,false,523,TRA,TRAV14/DV4,,TRAJ17,TRAC,true,true,,,,,,,,,,,CAMREGRTGNKLTF,TGTGCAATGAGAGAGGGCCGGACAGGCAACAAGCTAACTTTT,,,21356,1,,,
AAAGATGTCTCGCTTG-1,false,AAAGATGTCTCGCTTG-1_contig_1,false,460,TRB,TRBV9,,TRBJ1-2,TRBC1,true,true,,,,,,,,,,,CASSVADSFYGYTF,TGTGCCAGCAGCGTAGCGGACTCCTTCTATGGCTACACCTTC,,,68,1,,,
AAAGCAAGTCAGAGGT-1,false,AAAGCAAGTCAGAGGT-1_contig_1,false,475,TRB,TRBV7-9,,TRBJ1-2,TRBC1,true,true,,,,,,,,,,,CASSFQGANYGYTF,TGTGCCAGCAGCTTCCAGGGGGCTAACTATGGCTACACCTTC,,,42,1,,,
AAAGTAGTCGCGTAGC-1,false,AAAGTAGTCGCGTAGC-1_contig_1,false,496,TRB,TRBV3-1,TRBD1,TRBJ1-1,TRBC1,true,true,,,,,,,,,,,CASSQATGGTEAFF,TGTGCCAGCAGCCAAGCGACAGGGGGCACTGAAGCTTTCTTT,,,36,1,,,
AAAGTAGTCGGACAAG-1,false,AAAGTAGTCGGACAAG-1_contig_1,false,474,TRB,TRBV5-1,,TRBJ2-1,TRBC2,true,true,,,,,,,,,,,CASSLAGNEQFF,TGCGCCAGCAGCTTGGCTGGGAATGAGCAGTTCTTC,,,20248,1,,,
AAATGCCAGTTAACGA-1,false,AAATGCCAGTTAACGA-1_contig_1,false,475,TRB,TRBV4-3,,TRBJ1-2,TRBC1,true,true,,,,,,,,,,,CASSQAANYGYTF,TGCGCCAGCAGCCAAGCAGCTAACTATGGCTACACCTTC,,,18070,1,,,
AACCATGTCTGCTTGC-1,false,AACCATGTCTGCTTGC-1_contig_1,false,604,None,,,TRAJ10,TRAC,false,false,,,,,,,,,,,,,,,102,19,,,
AACCGCGGTCACCCAG-1,false,AACCGCGGTCACCCAG-1_contig_1,false,400,TRA,TRAV13-1,,,TRAC,false,false,,,,,,,,,,,,,,,40606,1,,,
AACTCCCTCTTCATGT-1,false,AACTCCCTCTTCATGT-1_contig_1,false,332,None,,,TRBJ2-2P,TRBC2,false,false,,,,,,,,,,,,,,,41274,3,,,
AACTTTCAGCGATATA-1,false,AACTTTCAGCGATATA-1_contig_1,false,664,TRA,TRAV8-3,,TRAJ10,TRAC,true,true,,,,,,,,,,,CAVGAGGGNKLTF,TGTGCTGTGGGTGCGGGAGGAGGAAACAAACTCACCTTT,,,11916,1,,,
AAGACCTCAATGGATA-1,false,AAGACCTCAATGGATA-1_contig_1,false,322,None,,,TRAJ49,TRAC,false,false,,,,,,,,,,,,,,,33068,1,,,
AAGACCTGTCTTCAAG-1,false,AAGACCTGTCTTCAAG-1_contig_1,false,496,TRB,TRBV3-1,TRBD1,TRBJ1-1,TRBC1,true,true,,,,,,,,,,,CASSQATGGTEAFF,TGTGCCAGCAGCCAAGCGACAGGGGGCACTGAAGCTTTCTTT,,,11928,1,,,
AAGACCTTCCATGCTC-1,false,AAGACCTTCCATGCTC-1_contig_1,false,502,TRB,TRBV9,TRBD2,TRBJ2-3,TRBC2,true,true,,,,,,,,,,,CASSVLAGGHTDTQYF,TGTGCCAGCAGCGTACTAGCGGGGGGGCACACAGATACGCAGTATTTT,,,19304,1,,,
AAGCCGCTCTGCAAGT-1,false,AAGCCGCTCTGCAAGT-1_contig_1,true,604,None,,,TRAJ56,TRAC,false,false,,,,,,,,,,,,,,,76,5,,,
AAGTCTGTCCGATATG-1,false,AAGTCTGTCCGATATG-1_contig_1,false,475,TRB,TRBV5-6,,TRBJ1-4,TRBC1,true,true,,,,,,,,,,,CASSLGGHEKLFF,TGTGCCAGCAGCTTGGGGGGACATGAAAAACTGTTTTTT,,,14992,1,,,
ACACCAATCCGTACAA-1,false,ACACCAATCCGTACAA-1_contig_1,false,313,None,,,TRBJ2-6,TRBC2,false,false,,,,,,,,,,,,,,,20,2,,,
ACACCCTTCCACGTGG-1,false,ACACCCTTCCACGTGG-1_contig_1,false,496,TRB,TRBV3-1,TRBD1,TRBJ1-1,TRBC1,true,true,,,,,,,,,,,CASSQATGGTEAFF,TGTGCCAGCAGCCAAGCGACAGGGGGCACTGAAGCTTTCTTT,,,20770,1,,,
ACACCGGTCGGAAATA-1,true,ACACCGGTCGGAAATA-1_contig_1,true,439,TRA,TRAV9-2,,TRAJ9,TRAC,true,true,GNSVTQMEGPVTLSEEAFLTINCTYT,GGAAATTCAGTGACCCAGATGGAAGGGCCAGTGACTCTCTCAGAAGAGGCCTTCCTGACTATAAACTGCACGTACACA,ATGYPS,GCCACAGGATACCCTTCC,LFWYVQYPGEGLQLLLK,CTTTTCTGGTATGTCCAATATCCTGGAGAAGGTCTACAGCTCCTCCTGAAA,ATKADDK,GCCACGAAGGCTGATGACAAG,GSNKGFEATYRKETTSFHLEKGSVQVSDSAVYF,GGAAGCAACAAAGGTTTTGAAGCCACATACCGTAAAGAAACCACTTCTTTCCACTTGGAGAAAGGCTCAGTTCAAGTGTCAGACTCAGCGGTGTACTTC,CALNTGGFKTIF,TGTGCTCTCAATACTGGAGGCTTCAAAACTATCTTT,GAGTRLFVKA,GGAGCAGGAACAAGACTATTTGTTAAAGCAA,72062,3,clonotype4,clonotype4_consensus_1,1
ACACCGGTCTCGAGTA-1,false,ACACCGGTCTCGAGTA-1_contig_1,false,512,TRB,TRBV20-1,TRBD1,TRBJ1-2,TRBC1,true,true,,,,,,,,,,,CSATGGYGYTF,TGCAGTGCTACAGGGGGCTATGGCTACACCTTC,,,22360,1,,,
ACACTGAGTTCCCTTG-1,false,ACACTGAGTTCCCTTG-1_contig_1,false,396,TRB,TRBV14,TRBD1,TRBJ2-6,TRBC2,false,false,,,,,,,,,,,CASSRTGGANVLTF,TGTGCCAGCAGCCGGACAGGGGGGGCCAACGTCCTGACTTTC,,,12640,1,,,
ACAGCCGAGCCCAGCT-1,false,ACAGCCGAGCCCAGCT-1_contig_1,false,1088,None,,,TRAJ44,TRAC,false,false,,,,,,,,,,,,,,,1766,1,,,
ACAGCTATCGCGTAGC-1,false,ACAGCTATCGCGTAGC-1_contig_1,false,496,TRB,TRBV3-1,TRBD1,TRBJ1-1,TRBC1,true,true,,,,,,,,,,,CASSQATGGTEAFF,TGTGCCAGCAGCCAAGCGACAGGGGGCACTGAAGCTTTCTTT,,,16768,1,,,
ACATACGAGGTGTGGT-1,true,ACATACGAGGTGTGGT-1_contig_1,true,544,TRA,TRAV12-2,,TRAJ40,TRAC,true,true,QKEVEQNSGPLSVPEGAIASLNCTYS,CAGAAGGAGGTGGAGCAGAATTCTGGACCCCTCAGTGTTCCAGAGGGAGCCATTGCCTCTCTCAACTGCACTTACAGT,DRGSQS,GACCGAGGTTCCCAGTCC,FFWYRQYSGKSPELIMF,TTCTTCTGGTACAGACAATATTCTGGGAAAAGCCCTGAGTTGATAATGTTC,IYSNGD,ATATACTCCAATGGTGAC,KEDGRFTAQLNKASQYVSLLIRDSQPSDSATYL,AAAGAAGATGGAAGGTTTACAGCACAGCTCAATAAAGCCAGCCAGTATGTTTCTCTGCTCATCAGAGACTCCCAGCCCAGTGATTCAGCCACCTACCTC,CAVQNSGTYKYIF,TGTGCCGTGCAGAACTCAGGAACCTACAAATACATCTTT,GTGTRLKVLA,GGAACAGGCACCAGGCTGAAGGTTTTAGCAA,50508,8,clonotype2,clonotype2_consensus_2,1
ACATACGAGGTGTGGT-1,true,ACATACGAGGTGTGGT-1_contig_2,true,476,TRB,TRBV20-1,TRBD1,TRBJ1-2,TRBC1,true,true,GAVVSQHPSRVICKSGTSVKIECRSL,GGTGCTGTCGTCTCTCAACATCCGAGCAGGGTTATCTGTAAGAGTGGAACCTCTGTGAAGATCGAGTGCCGTTCCCTG,DFQATT,GACTTTCAGGCCACAACT,MFWYRQFPKQSLMLMAT,ATGTTTTGGTATCGTCAGTTCCCGAAACAGAGTCTCATGCTGATGGCAACT,SNEGSKA,TCCAATGAGGGCTCCAAGGCC,TYEQGVEKDKFLINHASLTLSTLTVTSAHPEDSSFYI,ACATACGAGCAAGGCGTCGAGAAGGACAAGTTTCTCATCAACCATGCAAGCCTGACCTTGTCCACTCTGACAGTGACCAGTGCCCATCCTGAAGACAGCAGCTTCTACATC,CSATGGYGYTF,TGCAGTGCTACAGGGGGCTATGGCTACACCTTC,GSGTRLTVV,GGTTCGGGGACCAGGTTAACCGTTGTAG,17230,3,clonotype2,clonotype2_consensus_1,1
ACATACGAGGTGTGGT-1,true,ACATACGAGGTGTGGT-1_contig_3,true,497,TRA,TRAV13-2,,TRAJ24,TRAC,true,false,,,,,,,,,,,,,,,9938,1,,,
ACATACGTCCTCATTA-1,false,ACATACGTCCTCATTA-1_contig_1,false,454,TRA,TRAV2,,TRAJ15,TRAC,true,true,,,,,,,,,,,CAVENQAGTALIF,TGTGCTGTGGAGAACCAGGCAGGAACTGCTCTGATCTTT,,,9768,1,,,
ACATCAGAGACACGAC-1,false,ACATCAGAGACACGAC-1_contig_1,false,578,TRA,TRAV8-6,,TRAJ12,TRAC,true,true,,,,,,,,,,,CAVTRMDSSYKLIF,TGTGCTGTGACTCGGATGGATAGCAGCTATAAATTGATCTTC,,,66,1,,,
ACATCAGAGTGTACTC-1,true,ACATCAGAGTGTACTC-1_contig_1,true,568,TRA,TRAV26-1,,TRAJ27,TRAC,true,true,DAKTTQPPSMDCAEGRAANLPCNHS,GATGCTAAGACCACCCAGCCCCCCTCCATGGATTGCGCTGAAGGAAGAGCTGCAAACCTGCCTTGTAATCACTCT,TISGNEY,ACCATCAGTGGAAATGAGTAT,VYWYRQIHSQGPQYIIH,GTGTATTGGTATCGACAGATTCACTCCCAGGGGCCACAGTATATCATTCAT,GLKNN,GGTCTAAAAAACAAT,ETNEMASLIITEDRKSSTLILPHATLRDTAVYY,GAAACCAATGAAATGGCCTCTCTGATCATCACAGAAGACAGAAAGTCCAGCACCTTGATCCTGCCCCACGCTACGCTGAGAGACACTGCTGTGTACTAT,CIVNTNAGKSTF,TGCATCGTCAACACCAATGCAGGCAAATCAACCTTT,GDGTTLTVKP,GGGGATGGGACTACGCTCACTGTGAAGCCAA,53176,24,clonotype1,clonotype1_consensus_1,1
ACCAGTATCCCTCTTT-1,false,ACCAGTATCCCTCTTT-1_contig_1,false,826,TRB,TRBV7-7,,TRBJ2-3,TRBC2,false,false,,,,,,,,,,,CASSLSASTDTQYF,TGTGCTAGCAGCTTATCCGCCAGCACAGATACGCAGTATTTT,,,5344,1,,,
ACCCACTGTTGAGGTG-1,false,ACCCACTGTTGAGGTG-1_contig_1,false,511,TRA,TRAV29/DV5,,TRAJ32,TRAC,true,true,,,,,,,,,,,CAGDGGATNKLIF,TGTGCTGGCGATGGTGGTGCTACAAACAAGCTCATCTTT,,,10156,1,,,
ACCGTAATCCAAACTG-1,false,ACCGTAATCCAAACTG-1_contig_1,false,662,TRB,TRBV5-6,,TRBJ1-4,TRBC1,true,true,,,,,,,,,,,CASSLGGHEKLFF,TGTGCCAGCAGCTTGGGGGGACATGAAAAACTGTTTTTT,,,4916,1,,,
ACGATGTAGGATTCGG-1,false,ACGATGTAGGATTCGG-1_contig_1,false,452,TRB,TRBV9,TRBD2,TRBJ2-2,,true,true,,,,,,,,,,,CASSVGTSGTGELFF,TGTGCCAGCAGCGTAGGGACTAGCGGGACCGGGGAGCTGTTTTTT,,,20,2,,,
ACGATGTGTATGAATG-1,false,ACGATGTGTATGAATG-1_contig_1,true,373,None,,,TRAJ10,TRAC,false,false,,,,,,,,,,,,,,,54688,10,,,
ACGATGTTCCGCGGTA-1,false,ACGATGTTCCGCGGTA-1_contig_1,false,394,TRA,TRAV8-1,,TRAJ3,TRAC,true,false,,,,,,,,,,,,,,,64,1,,,
ACGATGTTCGCCAGCA-1,false,ACGATGTTCGCCAGCA-1_contig_1,false,372,None,,,TRAJ10,TRAC,false,false,,,,,,,,,,,,,,,100,1,,,
ACGCAGCGTTACGTCA-1,false,ACGCAGCGTTACGTCA-1_contig_1,false,678,TRA,TRAV8-3,,TRAJ20,TRAC,true,true,,,,,,,,,,,CAVDVNDYKLSF,TGTGCTGTGGATGTTAACGACTACAAGCTCAGCTTT,,,156,1,,,
ACGCCAGAGTACACCT-1,false,ACGCCAGAGTACACCT-1_contig_1,false,487,TRB,TRBV5-6,,TRBJ1-4,TRBC1,true,true,,,,,,,,,,,CASSLGGHEKLFF,TGTGCCAGCAGCTTGGGGGGACATGAAAAACTGTTTTTT,,,8718,1,,,
ACGCCAGAGTGTACTC-1,false,ACGCCAGAGTGTACTC-1_contig_1,false,524,TRB,TRBV3-1,TRBD1,TRBJ2-5,TRBC2,true,false,,,,,,,,,,,CASSGAGGVGTQYF,TGTGCCAGCAGTGGGGCGGGGGGTGTGGGGACCCAGTACTTC,,,40,1,,,
ACGGAGAGTGCACCAC-1,false,ACGGAGAGTGCACCAC-1_contig_1,false,498,TRB,TRBV12-5,,TRBJ1-4,TRBC1,true,true,,,,,,,,,,,CASGYRTTNEKLFF,TGTGCTAGTGGTTACAGAACAACTAATGAAAAACTGTTTTTT,,,36,3,,,
ACGGCCACACTATCTT-1,false,ACGGCCACACTATCTT-1_contig_1,false,310,None,,,TRBJ2-2P,TRBC2,false,false,,,,,,,,,,,,,,,24452,1,,,
ACGGGCTTCGCAGGCT-1,false,ACGGGCTTCGCAGGCT-1_contig_1,false,576,TRA,TRAV8-4,,TRAJ37,TRAC,true,true,,,,,,,,,,,CAVSDYGSSNTGKLIF,TGTGCTGTGAGTGATTATGGCTCTAGCAACACAGGCAAACTAATCTTT,,,20118,1,,,
ACTATCTGTTACGACT-1,false,ACTATCTGTTACGACT-1_contig_1,false,474,TRB,TRBV29-1,,TRBJ2-5,TRBC2,true,true,,,,,,,,,,,CSVEGETQYF,TGCAGCGTTGAGGGGGAGACCCAGTACTTC,,,22406,1,,,
ACTGAGTAGATGTTAG-1,true,ACTGAGTAGATGTTAG-1_contig_1,true,504,TRB,TRBV5-1,,TRBJ2-5,TRBC2,true,true,KAGVTQTPRYLIKTRGQQVTLSCSPI,AAGGCTGGAGTCACTCAAACTCCAAGATATCTGATCAAAACGAGAGGACAGCAAGTGACACTGAGCTGCTCCCCTATC,SGHRS,TCTGGGCATAGGAGT,VSWYQQTPGQGLQFLFE,GTATCCTGGTACCAACAGACCCCAGGACAGGGCCTTCAGTTCCTCTTTGAA,YFSETQ,TACTTCAGTGAGACACAG,RNKGNFPGRFSGRQFSNSRSEMNVSTLELGDSALYL,AGAAACAAAGGAAACTTCCCTGGTCGATTCTCAGGGCGCCAGTTCTCTAACTCTCGCTCTGAGATGAATGTGAGCACCTTGGAGCTGGGGGACTCGGCCCTTTATCTT,CASRDNQETQYF,TGCGCCAGCAGGGACAACCAAGAGACCCAGTACTTC,GPGTRLLVL,GGGCCAGGCACGCGGCTCCTGGTGCTCG,49762,4,clonotype9,clonotype9_consensus_1,1
ACTGAGTAGATGTTAG-1,true,ACTGAGTAGATGTTAG-1_contig_2,true,491,TRA,TRAV20,,TRAJ35,TRAC,true,true,EDQVTQSPEALRLQEGESSSLNCSYT,GAAGACCAGGTGACGCAGAGTCCCGAGGCCCTGAGACTCCAGGAGGGAGAGAGTAGCAGTCTCAACTGCAGTTACACA,VSGLRG,GTCAGCGGTTTAAGAGGG,LFWYRQDPGKGPEFLFT,CTGTTCTGGTATAGGCAAGATCCTGGGAAAGGCCCTGAATTCCTCTTCACC,LYSAGEE,CTGTATTCAGCTGGGGAAGAA,KEKERLKATLTKKESFLHITAPKPEDSATYL,AAGGAGAAAGAAAGGCTAAAAGCCACATTAACAAAGAAGGAAAGCTTTCTGCACATCACAGCCCCTAAACCTGAAGACTCAGCCACTTATCTC,CAVQARGFGNVLHC,TGTGCTGTGCAGGCCAGGGGCTTTGGGAATGTGCTGCATTGC,GSGTQVIVLP,GGGTCCGGCACTCAAGTGATTGTTTTACCAC,25718,3,clonotype9,clonotype9_consensus_2,1
ACTTACTGTCCGACGT-1,false,ACTTACTGTCCGACGT-1_contig_1,false,523,TRA,TRAV14/DV4,,TRAJ17,TRAC,true,true,,,,,,,,,,,CAMREGRTGNKLTF,TGTGCAATGAGAGAGGGCCGGACAGGCAACAAGCTAACTTTT,,,17512,1,,,
ACTTACTGTTGAGGTG-1,false,ACTTACTGTTGAGGTG-1_contig_1,false,511,TRA,TRAV29/DV5,,TRAJ32,TRAC,true,true,,,,,,,,,,,CAGDGGATNKLIF,TGTGCTGGCGATGGTGGTGCTACAAACAAGCTCATCTTT,,,88,1,,,
AGAGCTTGTTTCGCTC-1,false,AGAGCTTGTTTCGCTC-1_contig_1,false,432,TRB,TRBV29-1,,TRBJ2-5,TRBC2,true,false,,,,,,,,,,,CSVEGETQYF,TGCAGCGTTGAGGGGGAGACCCAGTACTTC,,,7386,1,,,
AGATCTGAGATATGCA-1,false,AGATCTGAGATATGCA-1_contig_1,false,491,TRA,TRAV20,,TRAJ35,TRAC,true,true,,,,,,,,,,,CAVQARGFGNVLHC,TGTGCTGTGCAGGCCAGGGGCTTTGGGAATGTGCTGCATTGC,,,26028,1,,,
AGCATACCACAGATTC-1,false,AGCATACCACAGATTC-1_contig_1,false,462,TRA,TRAV13-1,,TRAJ9,TRAC,true,true,,,,,,,,,,,CAASYQTGGFKTIF,TGTGCAGCAAGTTACCAAACTGGAGGCTTCAAAACTATCTTT,,,50,1,,,
AGCATACGTACCGTAT-1,false,AGCATACGTACCGTAT-1_contig_1,true,313,None,,,TRAJ49,TRAC,false,false,,,,,,,,,,,,,,,58660,3,,,
AGCGTCGCACACATGT-1,false,AGCGTCGCACACATGT-1_contig_1,false,498,TRB,TRBV7-9,,TRBJ2-4,TRBC2,true,true,,,,,,,,,,,CASSLQGQNIQYF,TGTGCCAGCAGCTTACAGGGCCAAAACATTCAGTACTTC,,,18,6,,,
AGCTCCTAGTGTTGAA-1,false,AGCTCCTAGTGTTGAA-1_contig_1,false,511,TRB,TRBV14,TRBD1,TRBJ2-6,TRBC2,true,true,,,,,,,,,,,CASSRTGGANVLTF,TGTGCCAGCAGCCGGACAGGGGGGGCCAACGTCCTGACTTTC,,,26,1,,,
AGCTCCTTCACTTATC-1,false,AGCTCCTTCACTTATC-1_contig_1,false,513,TRB,TRBV12-4,,TRBJ2-1,TRBC2,true,true,,,,,,,,,,,CASSLALASGIYNEQFF,TGTGCCAGCAGTTTAGCGCTCGCTAGCGGGATCTACAATGAGCAGTTCTTC,,,19456,1,,,
AGCTCTCAGTCGTACT-1,false,AGCTCTCAGTCGTACT-1_contig_1,false,516,TRB,TRBV5-6,,TRBJ1-4,TRBC1,true,true,,,,,,,,,,,CASSLGGHEKLFF,TGTGCCAGCAGCTTGGGGGGACATGAAAAACTGTTTTTT,,,218,1,,,
AGCTCTCGTCTCCATC-1,false,AGCTCTCGTCTCCATC-1_contig_1,false,615,TRA,TRAV3,,TRAJ5,TRAC,true,true,,,,,,,,,,,CAVRDTGRRALTF,TGTGCTGTGAGAGACACGGGCAGGAGAGCACTTACTTTT,,,12906,1,,,
AGCTTGAGTAGCGCAA-1,false,AGCTTGAGTAGCGCAA-1_contig_1,false,496,TRB,TRBV3-1,TRBD1,TRBJ1-1,TRBC1,true,true,,,,,,,,,,,CASSQATGGTEAFF,TGTGCCAGCAGCCAAGCGACAGGGGGCACTGAAGCTTTCTTT,,,19314,1,,,
AGGCCGTAGCCACCTG-1,true,AGGCCGTAGCCACCTG-1_contig_1,true,503,TRB,TRBV6-1,,TRBJ1-3,TRBC1,true,true,NAGVTQTPKFQVLKTGQSMTLQCAQD,AATGCTGGTGTCACTCAGACCCCAAAATTCCAGGTCCTGAAGACAGGACAGAGCATGACACTGCAGTGTGCCCAGGAT,MNHNS,ATGAACCATAACTCC,MYWYRQDPGMGLRLIYY,ATGTACTGGTATCGACAAGACCCAGGCATGGGACTGAGGCTGATTTATTAC,SASEGT,TCAGCTTCTGAGGGTACC,TDKGEVPNGYNVSRLNKREFSLRLESAAPSQTSVYF,ACTGACAAAGGAGAAGTCCCCAATGGCTACAATGTCTCCAGATTAAACAAACGGGAGTTCTCGCTCAGGCTGGAGTCGGCTGCTCCCTCCCAGACATCTGTGTACTTC,CASSEQGGNTIYF,TGTGCCAGCAGTGAACAGGGTGGAAACACCATATATTTT,GEGSWLTVV,GGAGAGGGAAGTTGGCTCACTGTTGTAG,46858,14,clonotype13,clonotype13_consensus_1,1
AGGCCGTAGCCACCTG-1,true,AGGCCGTAGCCACCTG-1_contig_2,true,615,TRA,TRAV3,,TRAJ8,TRAC,true,true,AQSVAQPEDQVNVAEGNPLTVKCTYS,GCTCAGTCAGTGGCTCAGCCGGAAGATCAGGTCAACGTTGCTGAAGGGAATCCTCTGACTGTGAAATGCACCTATTCA,VSGNPY,GTCTCTGGAAACCCTTAT,LFWYVQYPNRGLQFLLK,CTTTTTTGGTATGTTCAATACCCCAACCGAGGCCTCCAGTTCCTTCTGAAA,YITGDNLV,TACATCACAGGGGATAACCTGGTT,KGSYGFEAEFNKSQTSFHLKKPSALVSDSALYF,AAAGGCAGCTATGGCTTTGAAGCTGAATTTAACAAGAGCCAAACCTCCTTCCACCTGAAGAAACCATCTGCCCTTGTGAGCGACTCCGCTTTGTACTTC,CAVRDMGFQKLVF,TGTGCTGTGAGAGACATGGGCTTTCAGAAACTTGTATTT,GTGTRLLVSP,GGAACTGGCACCCGACTTCTGGTCAGTCCAA,28970,10,clonotype13,clonotype13_consensus_2,1
AGGCCGTAGTCGATAA-1,false,AGGCCGTAGTCGATAA-1_contig_1,false,495,TRB,TRBV12-4,,TRBJ2-7,TRBC2,true,true,,,,,,,,,,,CASSLGYEQYF,TGTGCCAGCAGTTTAGGTTACGAGCAGTACTTC,,,50,1,,,
AGGGAGTAGCTTTGGT-1,false,AGGGAGTAGCTTTGGT-1_contig_1,false,490,TRB,TRBV5-1,,TRBJ1-1,TRBC1,true,true,,,,,,,,,,,CASSFRGTEAFF,TGCGCCAGCAGCTTCAGGGGCACTGAAGCTTTCTTT,,,16020,1,,,
AGGGAGTGTCTGCGGT-1,false,AGGGAGTGTCTGCGGT-1_contig_1,false,305,None,,,TRBJ1-6,TRBC1,false,false,,,,,,,,,,,,,,,29146,1,,,
AGGGATGAGAGAGCTC-1,false,AGGGATGAGAGAGCTC-1_contig_1,false,564,None,,,TRBJ1-3,TRBC1,false,false,,,,,,,,,,,,,,,18298,1,,,
AGGGATGGTTGGTAAA-1,false,AGGGATGGTTGGTAAA-1_contig_1,false,514,TRA,TRAV6,,TRAJ10,TRAC,true,true,,,,,,,,,,,CALDILTGGGNKLTF,TGTGCTCTAGACATACTCACGGGAGGAGGAAACAAACTCACCTTT,,,23130,2,,,
AGGGATGTCAAGAAGT-1,false,AGGGATGTCAAGAAGT-1_contig_1,false,480,TRB,TRBV5-1,,TRBJ1-2,TRBC1,true,true,,,,,,,,,,,CASSDRVYGYTF,TGCGCCAGCAGCGACAGGGTTTATGGCTACACCTTC,,,26,1,,,
AGGGTGATCTGTTGAG-1,true,AGGGTGATCTGTTGAG-1_contig_1,true,580,TRA,TRAV8-1,,TRAJ3,TRAC,true,true,AQSVSQHNHHVILSEAASLELGCNYS,GCCCAGTCTGTGAGCCAGCATAACCACCACGTAATTCTCTCTGAAGCAGCCTCACTGGAGTTGGGATGCAACTATTCC,YGGTVN,TATGGTGGAACTGTTAAT,LFWYVQYPGQHLQLLLK,CTCTTCTGGTATGTCCAGTACCCTGGTCAACACCTTCAGCTTCTCCTCAAG,YFSGDPLV,TACTTTTCAGGGGATCCACTGGTT,KGIKGFEAEFIKSKFSFNLRKPSVQWSDTAEYF,AAAGGCATCAAGGGCTTTGAGGCTGAATTTATAAAGAGTAAATTCTCCTTTAATCTGAGGAAACCCTCTGTGCAGTGGAGTGACACAGCTGAGTACTTC,CAVINSRYSSASKIIF,TGTGCCGTGATCAATTCCAGGTACAGCAGTGCTTCCAAGATAATCTTT,GSGTRLSIRP,GGATCAGGGACCAGACTCAGCATCCGGCCAA,30412,13,clonotype10,clonotype10_consensus_2,1
AGGGTGATCTGTTGAG-1,true,AGGGTGATCTGTTGAG-1_contig_2,true,493,TRB,TRBV5-1,,TRBJ1-2,TRBC1,true,true,KAGVTQTPRYLIKTRGQQVTLSCSPI,AAGGCTGGAGTCACTCAAACTCCAAGATATCTGATCAAAACGAGAGGACAGCAAGTGACACTGAGCTGCTCCCCTATC,SGHRS,TCTGGGCATAGGAGT,VSWYQQTPGQGLQFLFE,GTATCCTGGTACCAACAGACCCCAGGACAGGGCCTTCAGTTCCTCTTTGAA,YFSETQ,TACTTCAGTGAGACACAG,RNKGNFPGRFSGRQFSNSRSEMNVSTLELGDSALYL,AGAAACAAAGGAAACTTCCCTGGTCGATTCTCAGGGCGCCAGTTCTCTAACTCTCGCTCTGAGATGAATGTGAGCACCTTGGAGCTGGGGGACTCGGCCCTTTATCTT,CASSDRVYGYTF,TGCGCCAGCAGCGACAGGGTTTATGGCTACACCTTC,GSGTRLTVV,GGTTCGGGGACCAGGTTAACCGTTGTAG,41410,28,clonotype10,clonotype10_consensus_1,1
AGGGTGATCTGTTGAG-1,true,AGGGTGATCTGTTGAG-1_contig_3,true,484,TRA,TRAV1-2,,TRAJ16,TRAC,true,false,,,,,,,,,,,,,,,4080,3,,,
AGTAGTCAGCGATATA-1,false,AGTAGTCAGCGATATA-1_contig_1,false,599,TRA,TRAV8-6,,TRAJ12,TRAC,true,true,,,,,,,,,,,CAVTRMDSSYKLIF,TGTGCTGTGACTCGGATGGATAGCAGCTATAAATTGATCTTC,,,4664,2,,,
AGTCTTTGTTATCACG-1,false,AGTCTTTGTTATCACG-1_contig_1,false,496,TRB,TRBV3-1,TRBD1,TRBJ1-1,TRBC1,true,true,,,,,,,,,,,CASSQATGGTEAFF,TGTGCCAGCAGCCAAGCGACAGGGGGCACTGAAGCTTTCTTT,,,15640,1,,,
AGTCTTTTCACAACGT-1,false,AGTCTTTTCACAACGT-1_contig_1,false,621,TRA,TRAV3,,TRAJ4,TRAC,true,true,,,,,,,,,,,CAVRDVTGGYNKLIF,TGTGCTGTGAGAGACGTCACTGGTGGCTACAATAAGCTGATTTTT,,,10282,1,,,
AGTGAGGTCGTCTGAA-1,false,AGTGAGGTCGTCTGAA-1_contig_1,true,337,None,,,TRBJ2-2P,TRBC2,false,false,,,,,,,,,,,,,,,27414,3,,,
AGTGAGGTCGTCTGAA-1,false,AGTGAGGTCGTCTGAA-1_contig_2,true,400,None,,,TRBJ1-3,TRBC1,false,false,,,,,,,,,,,,,,,44308,10,,,
AGTGGGATCTAACCGA-1,false,AGTGGGATCTAACCGA-1_contig_1,false,516,TRB,TRBV4-1,,TRBJ1-2,TRBC1,true,true,,,,,,,,,,,CASSLGRYGYTF,TGCGCCAGCAGCCTCGGACGGTATGGCTACACCTTC,,,18082,1,,,
AGTGTCACACACTGCG-1,false,AGTGTCACACACTGCG-1_contig_1,false,462,TRB,TRBV29-1,,TRBJ2-5,TRBC2,true,true,,,,,,,,,,,CSVEGETQYF,TGCAGCGTTGAGGGGGAGACCCAGTACTTC,,,23706,1,,,
AGTGTCACAGGCTCAC-1,false,AGTGTCACAGGCTCAC-1_contig_1,false,509,TRB,TRBV6-1,TRBD2,TRBJ2-7,TRBC2,true,true,,,,,,,,,,,CASRQGLAGVYEQYF,TGTGCCAGCAGACAGGGACTAGCGGGAGTCTACGAGCAGTACTTC,,,20722,1,,,
AGTGTCATCCTAAGTG-1,false,AGTGTCATCCTAAGTG-1_contig_1,false,502,TRB,TRBV6-5,,TRBJ2-1,TRBC2,true,true,,,,,,,,,,,CASSSSGGYNEQFF,TGTGCCAGCAGTTCTAGCGGGGGGTACAATGAGCAGTTCTTC,,,19848,1,,,
AGTTGGTTCCATGCTC-1,false,AGTTGGTTCCATGCTC-1_contig_1,false,502,TRB,TRBV9,TRBD2,TRBJ2-3,TRBC2,true,true,,,,,,,,,,,CASSVLAGGHTDTQYF,TGTGCCAGCAGCGTACTAGCGGGGGGGCACACAGATACGCAGTATTTT,,,56,1,,,
ATAACGCTCGCGCCAA-1,false,ATAACGCTCGCGCCAA-1_contig_1,false,471,TRB,TRBV5-1,,TRBJ1-2,TRBC1,true,true,,,,,,,,,,,CASSDRVYGYTF,TGCGCCAGCAGCGACAGGGTTTATGGCTACACCTTC,,,28,1,,,
ATAGACCTCGTAGGTT-1,false,ATAGACCTCGTAGGTT-1_contig_1,false,523,TRA,TRAV14/DV4,,TRAJ17,TRAC,true,true,,,,,,,,,,,CAMREGRTGNKLTF,TGTGCAATGAGAGAGGGCCGGACAGGCAACAAGCTAACTTTT,,,18942,1,,,
ATCACGAGTTCGTTGA-1,false,ATCACGAGTTCGTTGA-1_contig_1,false,511,TRB,TRBV14,TRBD1,TRBJ2-6,TRBC2,true,true,,,,,,,,,,,CASSRTGGANVLTF,TGTGCCAGCAGCCGGACAGGGGGGGCCAACGTCCTGACTTTC,,,17544,1,,,
ATCATCTCAAGGCTCC-1,false,ATCATCTCAAGGCTCC-1_contig_1,false,480,TRB,TRBV5-1,TRBD1,TRBJ2-7,TRBC2,true,true,,,,,,,,,,,CASSLTGGSYEQYF,TGCGCCAGCAGCTTGACAGGGGGCTCCTACGAGCAGTACTTC,,,12442,1,,,
ATCATCTTCTTAACCT-1,false,ATCATCTTCTTAACCT-1_contig_1,false,511,TRB,TRBV14,TRBD1,TRBJ2-6,TRBC2,true,true,,,,,,,,,,,CASSRTGGANVLTF,TGTGCCAGCAGCCGGACAGGGGGGGCCAACGTCCTGACTTTC,,,14142,1,,,
ATCCGAACAAGAGTCG-1,false,ATCCGAACAAGAGTCG-1_contig_1,false,510,TRB,TRBV12-3,,TRBJ2-4,TRBC2,true,true,,,,,,,,,,,CASSLGSGRRENIQYF,TGTGCCAGCAGTTTAGGTAGCGGGAGGCGGGAGAACATTCAGTACTTC,,,25094,1,,,
ATCGAGTCACCGTTGG-1,false,ATCGAGTCACCGTTGG-1_contig_1,false,416,TRA,TRAV20,,TRAJ42,TRAC,false,false,,,,,,,,,,,,,,,30446,1,,,
ATGAGGGAGGAGTACC-1,false,ATGAGGGAGGAGTACC-1_contig_1,false,518,TRB,TRBV7-9,,TRBJ1-2,TRBC1,true,true,,,,,,,,,,,CASSFQGANYGYTF,TGTGCCAGCAGCTTCCAGGGGGCTAACTATGGCTACACCTTC,,,22950,1,,,
ATGAGGGGTGCCTGCA-1,false,ATGAGGGGTGCCTGCA-1_contig_1,false,518,TRA,TRAV27,,TRAJ54,TRAC,true,true,,,,,,,,,,,CAGVGIQGAQKLVF,TGTGCAGGAGTGGGGATTCAGGGAGCCCAGAAGCTGGTATTT,,,23668,1,,,
ATGCGATCAGCTGGCT-1,false,ATGCGATCAGCTGGCT-1_contig_1,false,509,TRB,TRBV7-4,TRBD2,TRBJ2-1,TRBC2,true,false,,,,,,,,,,,,,,,2954,2,,,
ATGCGATGTAAGTTCC-1,false,ATGCGATGTAAGTTCC-1_contig_1,false,716,TRA,TRAV8-3,,TRAJ10,TRAC,true,true,,,,,,,,,,,CAVGAGGGNKLTF,TGTGCTGTGGGTGCGGGAGGAGGAAACAAACTCACCTTT,,,13734,1,,,
ATGCGATGTCGGGTCT-1,false,ATGCGATGTCGGGTCT-1_contig_1,false,466,TRB,TRBV28,,TRBJ1-2,TRBC1,true,true,,,,,,,,,,,CASSLDNNYGYTF,TGTGCCAGCAGTTTGGACAATAACTATGGCTACACCTTC,,,10582,1,,,
ATGTGTGGTTATCACG-1,false,ATGTGTGGTTATCACG-1_contig_1,false,518,TRA,TRAV21,,TRAJ10,TRAC,true,true,,,,,,,,,,,CAVTGGGNKLTF,TGTGCTGTGACGGGAGGAGGAAACAAACTCACCTTT,,,20928,1,,,
ATTACTCAGCGTCTAT-1,false,ATTACTCAGCGTCTAT-1_contig_1,false,481,TRB,TRBV4-1,,TRBJ1-4,TRBC1,true,true,,,,,,,,,,,CASSPLTATNEKLFF,TGCGCCAGCAGCCCGTTGACAGCAACTAATGAAAAACTGTTTTTT,,,7988,1,,,
ATTATCCAGGGCTCTC-1,false,ATTATCCAGGGCTCTC-1_contig_1,false,491,TRB,TRBV9,,TRBJ2-7,TRBC2,true,true,,,,,,,,,,,CASSVASSYEQYF,TGTGCCAGCAGCGTAGCTAGCTCCTACGAGCAGTACTTC,,,26,11,,,
ATTATCCCAATGGTCT-1,false,ATTATCCCAATGGTCT-1_contig_1,false,478,TRB,TRBV7-9,,TRBJ1-2,TRBC1,true,true,,,,,,,,,,,CASSFQGANYGYTF,TGTGCCAGCAGCTTCCAGGGGGCTAACTATGGCTACACCTTC,,,22234,1,,,
ATTATCCCAGCGTTCG-1,false,ATTATCCCAGCGTTCG-1_contig_1,false,500,None,,,TRBJ1-5,TRBC1,false,false,,,,,,,,,,,,,,,19542,1,,,
ATTATCCTCTTCCTTC-1,false,ATTATCCTCTTCCTTC-1_contig_1,false,315,None,,,TRBJ1-1,TRBC1,false,false,,,,,,,,,,,,,,,16182,1,,,
ATTGGACCAATAAGCA-1,false,ATTGGACCAATAAGCA-1_contig_1,false,486,TRB,TRBV6-6,,TRBJ2-1,TRBC2,true,true,,,,,,,,,,,CASSYYNEQFF,TGTGCCAGCAGTTACTACAATGAGCAGTTCTTC,,,1610,1,,,
ATTGGACTCCTTTCGG-1,false,ATTGGACTCCTTTCGG-1_contig_1,false,464,TRB,TRBV29-1,,TRBJ2-5,TRBC2,true,true,,,,,,,,,,,CSVEGETQYF,TGCAGCGTTGAGGGGGAGACCCAGTACTTC,,,15712,1,,,
ATTGGTGCACCACCAG-1,false,ATTGGTGCACCACCAG-1_contig_1,false,476,TRB,TRBV9,,TRBJ2-1,TRBC2,true,true,,,,,,,,,,,CASSGTSGAYNEQFF,TGTGCCAGCAGCGGGACTAGCGGAGCCTACAATGAGCAGTTCTTC,,,21006,1,,,
CAACCAAGTAGTACCT-1,false,CAACCAAGTAGTACCT-1_contig_1,false,431,TRA,TRAV13-1,,TRAJ20,TRAC,false,false,,,,,,,,,,,CAASTNDYKLSF,TGTGCAGCAAGTACTAACGACTACAAGCTCAGCTTT,,,37324,1,,,
CAACTAGGTTTGTGTG-1,false,CAACTAGGTTTGTGTG-1_contig_1,false,479,TRB,TRBV20-1,TRBD1,TRBJ1-2,TRBC1,true,true,,,,,,,,,,,CSATGGYGYTF,TGCAGTGCTACAGGGGGCTATGGCTACACCTTC,,,16594,1,,,
CAACTAGTCCATGAGT-1,false,CAACTAGTCCATGAGT-1_contig_1,false,466,TRB,TRBV3-1,,TRBJ1-5,TRBC1,true,true,,,,,,,,,,,CASSQGPYQPQHF,TGTGCCAGCAGCCAAGGCCCATATCAGCCCCAGCATTTT,,,17716,1,,,
CAAGAAATCAACGCTA-1,false,CAAGAAATCAACGCTA-1_contig_1,false,496,TRB,TRBV3-1,TRBD1,TRBJ1-1,TRBC1,true,true,,,,,,,,,,,CASSQATGGTEAFF,TGTGCCAGCAGCCAAGCGACAGGGGGCACTGAAGCTTTCTTT,,,26,1,,,
CAAGGCCAGCACAGGT-1,false,CAAGGCCAGCACAGGT-1_contig_1,false,511,TRB,TRBV14,TRBD1,TRBJ2-6,TRBC2,true,true,,,,,,,,,,,CASSRTGGANVLTF,TGTGCCAGCAGCCGGACAGGGGGGGCCAACGTCCTGACTTTC,,,10276,1,,,
CAAGGCCGTACTCGCG-1,false,CAAGGCCGTACTCGCG-1_contig_1,false,502,TRB,TRBV12-4,,TRBJ2-7,TRBC2,true,true,,,,,,,,,,,CASSLGYEQYF,TGTGCCAGCAGTTTAGGTTACGAGCAGTACTTC,,,20158,1,,,
CAAGTTGCAGCAGTTT-1,false,CAAGTTGCAGCAGTTT-1_contig_1,false,523,TRB,TRBV13,,,TRBC2,false,false,,,,,,,,,,,,,,,9340,1,,,
CACACAAGTTCACGGC-1,false,CACACAAGTTCACGGC-1_contig_1,false,511,TRB,TRBV14,TRBD1,TRBJ2-6,TRBC2,true,true,,,,,,,,,,,CASSRTGGANVLTF,TGTGCCAGCAGCCGGACAGGGGGGGCCAACGTCCTGACTTTC,,,18242,1,,,
CACAGGCTCAACCAAC-1,false,CACAGGCTCAACCAAC-1_contig_1,false,522,TRA,TRAV14/DV4,,TRAJ17,TRAC,true,true,,,,,,,,,,,CAMREGRTGNKLTF,TGTGCAATGAGAGAGGGCCGGACAGGCAACAAGCTAACTTTT,,,9852,1,,,
CACAGGCTCTATGTGG-1,false,CACAGGCTCTATGTGG-1_contig_1,false,496,TRB,TRBV3-1,TRBD1,TRBJ1-1,TRBC1,true,true,,,,,,,,,,,CASSQATGGTEAFF,TGTGCCAGCAGCCAAGCGACAGGGGGCACTGAAGCTTTCTTT,,,15120,1,,,
CACAGTACAGGGTATG-1,false,CACAGTACAGGGTATG-1_contig_1,true,711,None,,,TRBJ1-1,TRBC1,false,false,,,,,,,,,,,,,,,30726,4,,,
CACAGTATCCGCTGTT-1,false,CACAGTATCCGCTGTT-1_contig_1,false,511,TRB,TRBV14,TRBD1,TRBJ2-6,TRBC2,true,true,,,,,,,,,,,CASSRTGGANVLTF,TGTGCCAGCAGCCGGACAGGGGGGGCCAACGTCCTGACTTTC,,,10610,1,,,
CACATAGTCACTTATC-1,false,CACATAGTCACTTATC-1_contig_1,false,474,TRB,TRBV5-1,,TRBJ2-1,TRBC2,true,true,,,,,,,,,,,CASSLAGNEQFF,TGCGCCAGCAGCTTGGCTGGGAATGAGCAGTTCTTC,,,17822,1,,,
CACATAGTCAGCGACC-1,false,CACATAGTCAGCGACC-1_contig_1,true,400,None,,,TRBJ1-3,TRBC1,false,false,,,,,,,,,,,,,,,34162,10,,,
CACCAGGCACTAGTAC-1,false,CACCAGGCACTAGTAC-1_contig_1,false,381,None,,,TRBJ1-6,TRBC1,false,false,,,,,,,,,,,,,,,13648,1,,,
CAGATCACATTAGCCA-1,false,CAGATCACATTAGCCA-1_contig_1,false,317,None,,,TRBJ1-3,TRBC1,false,false,,,,,,,,,,,,,,,12,3,,,
CAGATCAGTCGGCATC-1,false,CAGATCAGTCGGCATC-1_contig_1,false,544,TRA,TRAV12-2,,TRAJ40,TRAC,true,true,,,,,,,,,,,CAVQNSGTYKYIF,TGTGCCGTGCAGAACTCAGGAACCTACAAATACATCTTT,,,22902,2,,,
CAGATCAGTTTGCATG-1,false,CAGATCAGTTTGCATG-1_contig_1,false,511,TRB,TRBV14,TRBD1,TRBJ2-6,TRBC2,true,true,,,,,,,,,,,CASSRTGGANVLTF,TGTGCCAGCAGCCGGACAGGGGGGGCCAACGTCCTGACTTTC,,,12374,1,,,
CAGATCATCTGCGGCA-1,false,CAGATCATCTGCGGCA-1_contig_1,false,529,TRA,TRAV26-1,,TRAJ23,TRAC,true,true,,,,,,,,,,,CIVRAGYNQGGKLIF,TGCATCGTCAGAGCCGGTTATAACCAGGGAGGAAAGCTTATCTTC,,,16510,1,,,
CAGCAGCAGCATGGCA-1,false,CAGCAGCAGCATGGCA-1_contig_1,false,498,TRB,TRBV12-4,,TRBJ2-7,TRBC2,true,true,,,,,,,,,,,CASSWTTYEQYF,TGTGCCAGCAGTTGGACAACCTACGAGCAGTACTTC,,,13636,1,,,
CAGCAGCAGGAGTACC-1,false,CAGCAGCAGGAGTACC-1_contig_1,true,309,None,,,TRBJ2-2P,TRBC2,false,false,,,,,,,,,,,,,,,23578,3,,,
CAGCAGCGTACTTAGC-1,false,CAGCAGCGTACTTAGC-1_contig_1,false,497,TRB,TRBV9,,TRBJ2-1,TRBC2,true,true,,,,,,,,,,,CASSGTSGAYNEQFF,TGTGCCAGCAGCGGGACTAGCGGAGCCTACAATGAGCAGTTCTTC,,,13144,1,,,
CAGCATACAAACCCAT-1,false,CAGCATACAAACCCAT-1_contig_1,false,502,TRB,TRBV6-5,,TRBJ2-1,TRBC2,true,true,,,,,,,,,,,CASSSSGGYNEQFF,TGTGCCAGCAGTTCTAGCGGGGGGTACAATGAGCAGTTCTTC,,,20804,1,,,
CAGCCGAGTAGTACCT-1,false,CAGCCGAGTAGTACCT-1_contig_1,false,421,TRA,TRAV13-1,,TRAJ20,TRAC,false,false,,,,,,,,,,,CAASTNDYKLSF,TGTGCAGCAAGTACTAACGACTACAAGCTCAGCTTT,,,102,1,,,
CAGCCGAGTCATGCCG-1,false,CAGCCGAGTCATGCCG-1_contig_1,false,519,TRA,TRAV19,,TRAJ22,TRAC,true,true,,,,,,,,,,,CALSLPASGSARQLTF,TGTGCTCTGAGTTTACCAGCTTCTGGTTCTGCAAGGCAACTGACCTTT,,,26022,2,,,
CAGCGACCATGAAGTA-1,false,CAGCGACCATGAAGTA-1_contig_1,false,466,TRA,TRAV4,,TRAJ34,TRAC,true,true,,,,,,,,,,,CLVGDNTDKLIF,TGCCTCGTGGGTGACAACACCGACAAGCTCATCTTT,,,19284,1,,,
CAGCGACGTATCACCA-1,true,CAGCGACGTATCACCA-1_contig_1,true,537,TRB,TRBV30,,TRBJ2-1,TRBC2,true,true,SQTIHQWPATLVQPVGSPLSLECTVE,TCTCAGACTATTCATCAATGGCCAGCGACCCTGGTGCAGCCTGTGGGCAGCCCGCTCTCTCTGGAGTGCACTGTGGAG,GTSNPN,GGAACATCAAACCCCAAC,LYWYRQAAGRGLQLLFY,CTATACTGGTACCGACAGGCTGCAGGCAGGGGCCTCCAGCTGCTCTTCTAC,SVGIG,TCCGTTGGTATTGGC,QISSEVPQNLSASRPQDRQFILSSKKLLLSDSGFYL,CAGATCAGCTCTGAGGTGCCCCAGAATCTCTCAGCCTCCAGACCCCAGGACCGGCAGTTCATCCTGAGTTCTAAGAAGCTCCTTCTCAGTGACTCTGGCTTCTATCTC,CAWSVGSSYNEQFF,TGTGCCTGGAGTGTCGGGAGCTCCTACAATGAGCAGTTCTTC,GPGTRLTVL,GGGCCAGGGACACGGCTCACCGTGCTAG,28638,2,clonotype5,clonotype5_consensus_1,1
CAGCGACGTATCACCA-1,true,CAGCGACGTATCACCA-1_contig_2,true,497,TRB,TRBV4-2,,TRBJ1-5,TRBC1,true,false,,,,,,,,,,,CQQPRQGNQPQHF,TGCCAGCAGCCAAGACAGGGCAATCAGCCCCAGCATTTT,,,17720,1,,,
CAGCTGGAGTACGCCC-1,false,CAGCTGGAGTACGCCC-1_contig_1,false,495,TRB,TRBV12-4,,TRBJ2-7,TRBC2,true,true,,,,,,,,,,,CASSLQGEQYF,TGTGCCAGCAGTTTACAGGGCGAGCAGTACTTC,,,4572,1,,,
CAGCTGGGTTCCACAA-1,false,CAGCTGGGTTCCACAA-1_contig_1,false,496,TRB,TRBV7-2,,TRBJ2-7,TRBC2,true,true,,,,,,,,,,,CASSLAGGYEQYF,TGTGCCAGCAGCTTAGCGGGGGGGTACGAGCAGTACTTC,,,38610,2,,,
CAGTAACTCAGCTCGG-1,false,CAGTAACTCAGCTCGG-1_contig_1,true,421,None,,,TRBJ2-2P,TRBC2,false,false,,,,,,,,,,,,,,,23568,4,,,
CAGTCCTCAAGGGTCA-1,false,CAGTCCTCAAGGGTCA-1_contig_1,false,304,None,,,TRBJ2-2P,TRBC2,false,false,,,,,,,,,,,,,,,35852,2,,,
CAGTCCTGTTTAAGCC-1,false,CAGTCCTGTTTAAGCC-1_contig_1,true,448,TRA,TRAV9-2,,,TRAC,false,false,,,,,,,,,,,,,,,27308,2,,,
CATATGGCATGTAGTC-1,false,CATATGGCATGTAGTC-1_contig_1,false,496,TRB,TRBV9,,TRBJ1-2,TRBC1,true,true,,,,,,,,,,,CASSVADSFYGYTF,TGTGCCAGCAGCGTAGCGGACTCCTTCTATGGCTACACCTTC,,,15214,1,,,
CATATTCGTTATCGGT-1,false,CATATTCGTTATCGGT-1_contig_1,false,357,None,,,TRBJ1-1,TRBC1,false,false,,,,,,,,,,,,,,,17376,1,,,
CATATTCGTTATGTGC-1,false,CATATTCGTTATGTGC-1_contig_1,false,508,TRB,TRBV12-3,,TRBJ2-4,TRBC2,true,true,,,,,,,,,,,CASSLGSGRRENIQYF,TGTGCCAGCAGTTTAGGTAGCGGGAGGCGGGAGAACATTCAGTACTTC,,,354,1,,,
CATCAAGAGGAGCGTT-1,false,CATCAAGAGGAGCGTT-1_contig_1,false,336,None,,,TRBJ2-3,TRBC2,false,false,,,,,,,,,,,,,,,24826,2,,,
CATCAAGTCTGGGCCA-1,false,CATCAAGTCTGGGCCA-1_contig_1,false,499,TRB,TRBV9,,TRBJ2-1,TRBC2,true,true,,,,,,,,,,,CASSGTSGAYNEQFF,TGTGCCAGCAGCGGGACTAGCGGAGCCTACAATGAGCAGTTCTTC,,,5606,1,,,
CATCAGATCCAGAAGG-1,false,CATCAGATCCAGAAGG-1_contig_1,false,462,TRB,TRBV9,,TRBJ2-1,TRBC2,true,true,,,,,,,,,,,CASSGTSGAYNEQFF,TGTGCCAGCAGCGGGACTAGCGGAGCCTACAATGAGCAGTTCTTC,,,42,1,,,
CATCGAAGTCGGATCC-1,false,CATCGAAGTCGGATCC-1_contig_1,false,523,TRA,TRAV14/DV4,,TRAJ17,TRAC,true,true,,,,,,,,,,,CAMREGRTGNKLTF,TGTGCAATGAGAGAGGGCCGGACAGGCAACAAGCTAACTTTT,,,29606,1,,,
CATGGCGGTCTCTCTG-1,false,CATGGCGGTCTCTCTG-1_contig_1,true,920,None,,,TRBJ2-3,TRBC2,false,false,,,,,,,,,,,,,,,106,22,,,
CATTATCAGAAGGCCT-1,false,CATTATCAGAAGGCCT-1_contig_1,false,421,TRA,TRAV13-1,,TRAJ20,TRAC,false,false,,,,,,,,,,,CAASTNDYKLSF,TGTGCAGCAAGTACTAACGACTACAAGCTCAGCTTT,,,78,1,,,
CATTATCGTCCGAATT-1,false,CATTATCGTCCGAATT-1_contig_1,false,423,TRA,TRAV8-6,,,TRAC,false,false,,,,,,,,,,,,,,,27510,4,,,
CATTATCTCCTCAATT-1,false,CATTATCTCCTCAATT-1_contig_1,false,523,TRA,TRAV14/DV4,,TRAJ17,TRAC,true,true,,,,,,,,,,,CAMREGRTGNKLTF,TGTGCAATGAGAGAGGGCCGGACAGGCAACAAGCTAACTTTT,,,17604,1,,,
CATTCGCGTTTACTCT-1,false,CATTCGCGTTTACTCT-1_contig_1,false,496,TRB,TRBV3-1,TRBD1,TRBJ1-1,TRBC1,true,true,,,,,,,,,,,CASSQATGGTEAFF,TGTGCCAGCAGCCAAGCGACAGGGGGCACTGAAGCTTTCTTT,,,14670,1,,,
CATTCGCTCCAAAGTC-1,false,CATTCGCTCCAAAGTC-1_contig_1,false,482,TRB,TRBV4-2,,TRBJ2-7,TRBC2,true,true,,,,,,,,,,,CASSQGTSGYEQYF,TGTGCCAGCAGCCAAGGGACTAGCGGCTACGAGCAGTACTTC,,,16730,1,,,
CATTCGCTCCTTGACC-1,false,CATTCGCTCCTTGACC-1_contig_1,false,481,TRB,TRBV4-2,,TRBJ2-7,TRBC2,true,true,,,,,,,,,,,CASSQGTSGYEQYF,TGTGCCAGCAGCCAAGGGACTAGCGGCTACGAGCAGTACTTC,,,74,1,,,
CCACCTATCATACGGT-1,false,CCACCTATCATACGGT-1_contig_1,false,477,TRB,TRBV20-1,TRBD1,TRBJ1-2,TRBC1,true,true,,,,,,,,,,,CSATGGYGYTF,TGCAGTGCTACAGGGGGCTATGGCTACACCTTC,,,36,1,,,
CCATTCGCAAGCGCTC-1,false,CCATTCGCAAGCGCTC-1_contig_1,false,507,TRA,TRAV27,,TRAJ31,TRAC,true,false,,,,,,,,,,,,,,,88,1,,,
CCATTCGGTCGTCTTC-1,false,CCATTCGGTCGTCTTC-1_contig_1,false,470,None,,,TRBJ1-5,TRBC1,false,false,,,,,,,,,,,,,,,82,1,,,
CCCAGTTCAAGTACCT-1,false,CCCAGTTCAAGTACCT-1_contig_1,false,468,TRB,TRBV7-2,,TRBJ1-6,TRBC1,true,true,,,,,,,,,,,CASSLQGNSPLHF,TGTGCCAGCAGCTTACAGGGGAATTCACCCCTCCACTTT,,,1256,1,,,
CCGGGATTCACCAGGC-1,false,CCGGGATTCACCAGGC-1_contig_1,false,505,TRB,TRBV12-4,,TRBJ2-7,TRBC2,true,true,,,,,,,,,,,CASSLTSGSYEQYF,TGTGCCAGCAGTTTGACTAGCGGGTCCTACGAGCAGTACTTC,,,72,1,,,
CCGGGATTCGCCCTTA-1,false,CCGGGATTCGCCCTTA-1_contig_1,false,511,TRB,TRBV12-4,,TRBJ2-7,TRBC2,true,true,,,,,,,,,,,CASSLTSGSYEQYF,TGTGCCAGCAGTTTGACTAGCGGGTCCTACGAGCAGTACTTC,,,12480,1,,,
CCGTTCACAATGGAAT-1,false,CCGTTCACAATGGAAT-1_contig_1,false,494,TRB,TRBV5-1,,TRBJ2-5,TRBC2,true,true,,,,,,,,,,,CASRDNQETQYF,TGCGCCAGCAGGGACAACCAAGAGACCCAGTACTTC,,,18188,1,,,
CCTACACAGCTGAACG-1,false,CCTACACAGCTGAACG-1_contig_1,false,515,TRB,TRBV6-5,,TRBJ2-1,TRBC2,true,true,,,,,,,,,,,CASSYSGSYNEQFF,TGTGCCAGCAGTTATAGCGGCTCCTACAATGAGCAGTTCTTC,,,18758,21,,,
CCTACACCAAGTAATG-1,false,CCTACACCAAGTAATG-1_contig_1,false,487,TRB,TRBV5-6,,TRBJ1-4,TRBC1,true,true,,,,,,,,,,,CASSLGGHEKLFF,TGTGCCAGCAGCTTGGGGGGACATGAAAAACTGTTTTTT,,,7490,1,,,
CCTACACCATCGTCGG-1,false,CCTACACCATCGTCGG-1_contig_1,false,515,TRA,TRAV41,,TRAJ49,TRAC,true,true,,,,,,,,,,,CAVHSNTGNQFYF,TGTGCTGTCCACTCGAACACCGGTAACCAGTTCTATTTT,,,27686,1,,,
CCTACACGTTCTGGTA-1,false,CCTACACGTTCTGGTA-1_contig_1,false,508,TRB,TRBV7-9,,TRBJ2-4,TRBC2,true,true,,,,,,,,,,,CASSLAGAKNIQYF,TGTGCCAGCAGCTTAGCGGGAGCCAAAAACATTCAGTACTTC,,,19558,1,,,
CCTACACTCATTGCCC-1,false,CCTACACTCATTGCCC-1_contig_1,false,464,TRB,TRBV9,,TRBJ1-2,TRBC1,true,true,,,,,,,,,,,CASSVNYGYTF,TGTGCCAGCAGCGTAAACTATGGCTACACCTTC,,,22046,1,,,
CCTATTATCGCGCCAA-1,false,CCTATTATCGCGCCAA-1_contig_1,false,475,TRB,TRBV4-1,TRBD1,TRBJ2-5,TRBC2,true,true,,,,,,,,,,,CASSDRGQETQYF,TGCGCCAGCAGCGACAGGGGGCAAGAGACCCAGTACTTC,,,12666,1,,,
CCTCAGTTCCAGAAGG-1,false,CCTCAGTTCCAGAAGG-1_contig_1,false,501,TRB,TRBV9,,TRBJ2-1,TRBC2,true,true,,,,,,,,,,,CASSGTSGAYNEQFF,TGTGCCAGCAGCGGGACTAGCGGAGCCTACAATGAGCAGTTCTTC,,,17756,1,,,
CCTCTGAGTCACTGGC-1,false,CCTCTGAGTCACTGGC-1_contig_1,false,494,TRB,TRBV7-9,,TRBJ1-4,TRBC1,true,true,,,,,,,,,,,CAGSPQGEKLFF,TGTGCCGGCAGCCCACAGGGTGAAAAACTGTTTTTT,,,124,1,,,
CCTCTGAGTTATGTGC-1,false,CCTCTGAGTTATGTGC-1_contig_1,false,475,TRB,TRBV5-6,,TRBJ1-4,TRBC1,true,true,,,,,,,,,,,CASSLGGHEKLFF,TGTGCCAGCAGCTTGGGGGGACATGAAAAACTGTTTTTT,,,3734,1,,,
CCTCTGATCCCTGACT-1,false,CCTCTGATCCCTGACT-1_contig_1,false,521,TRA,TRAV23/DV6,,TRAJ32,TRAC,true,false,,,,,,,,,,,,,,,7322,1,,,
CCTTACGAGGCGTACA-1,false,CCTTACGAGGCGTACA-1_contig_1,false,323,None,,,TRBJ1-1,TRBC1,false,false,,,,,,,,,,,,,,,27928,1,,,
CCTTACGGTCTTCTCG-1,false,CCTTACGGTCTTCTCG-1_contig_1,false,504,TRB,TRBV12-3,,TRBJ2-3,TRBC2,true,true,,,,,,,,,,,CASSLLGRTDTQYF,TGTGCCAGCAGTTTACTGGGCCGCACAGATACGCAGTATTTT,,,212,1,,,
CCTTCCCCACAGCCCA-1,false,CCTTCCCCACAGCCCA-1_contig_1,false,505,TRB,TRBV12-4,,TRBJ2-7,TRBC2,true,true,,,,,,,,,,,CASSLTSGSYEQYF,TGTGCCAGCAGTTTGACTAGCGGGTCCTACGAGCAGTACTTC,,,34,1,,,
CCTTCCCTCTGCGACG-1,false,CCTTCCCTCTGCGACG-1_contig_1,false,513,TRB,TRBV7-9,TRBD1,TRBJ2-7,TRBC2,true,true,,,,,,,,,,,CASDTGTVRYEQYF,TGTGCCAGCGACACCGGGACAGTTCGCTACGAGCAGTACTTC,,,1024,1,,,
CCTTCGAAGAAACCAT-1,false,CCTTCGAAGAAACCAT-1_contig_1,false,447,TRA,TRAV9-2,,TRAJ9,TRAC,true,true,,,,,,,,,,,CALNTGGFKTIF,TGTGCTCTCAATACTGGAGGCTTCAAAACTATCTTT,,,17204,1,,,
CCTTCGAGTGGCAAAC-1,false,CCTTCGAGTGGCAAAC-1_contig_1,false,520,TRB,TRBV12-3,,TRBJ2-4,TRBC2,true,true,,,,,,,,,,,CASSLGSGRRENIQYF,TGTGCCAGCAGTTTAGGTAGCGGGAGGCGGGAGAACATTCAGTACTTC,,,17672,1,,,
CGAGCCAAGTACGACG-1,false,CGAGCCAAGTACGACG-1_contig_1,false,417,None,,,TRBJ2-2P,TRBC2,false,false,,,,,,,,,,,,,,,60,1,,,
CGATCGGTCTGGCGTG-1,false,CGATCGGTCTGGCGTG-1_contig_1,false,596,TRA,TRAV5,,TRAJ9,TRAC,true,true,,,,,,,,,,,CAESINGGFKTIF,TGTGCAGAGAGTATAAATGGAGGCTTCAAAACTATCTTT,,,16530,1,,,
CGATGGCAGAAGAAGC-1,false,CGATGGCAGAAGAAGC-1_contig_1,false,503,TRB,TRBV11-2,,TRBJ2-1,TRBC2,true,true,,,,,,,,,,,CASSLGLAYNEQFF,TGTGCCAGCAGCTTAGGACTAGCGTACAATGAGCAGTTCTTC,,,62,1,,,
CGATGTACATCGATGT-1,false,CGATGTACATCGATGT-1_contig_1,true,329,None,,,TRBJ2-2P,TRBC2,false,false,,,,,,,,,,,,,,,13276,3,,,
CGATGTAGTAGGCTGA-1,false,CGATGTAGTAGGCTGA-1_contig_1,false,467,TRB,TRBV29-1,,TRBJ2-5,TRBC2,true,true,,,,,,,,,,,CSVEGETQYF,TGCAGCGTTGAGGGGGAGACCCAGTACTTC,,,18942,1,,,
CGATGTAGTTTGACAC-1,false,CGATGTAGTTTGACAC-1_contig_1,false,420,TRB,TRBV11-2,,TRBJ2-1,TRBC2,false,false,,,,,,,,,,,CASSLGLAYNEQFF,TGTGCCAGCAGCTTAGGACTAGCGTACAATGAGCAGTTCTTC,,,15020,2,,,
CGATGTATCATGCAAC-1,false,CGATGTATCATGCAAC-1_contig_1,true,346,None,,,TRBJ1-1,TRBC1,false,false,,,,,,,,,,,,,,,29866,6,,,
CGATGTATCATGCAAC-1,false,CGATGTATCATGCAAC-1_contig_2,true,335,None,,,TRAJ49,TRAC,false,false,,,,,,,,,,,,,,,35162,2,,,
CGATTGAGTTGGTGGA-1,false,CGATTGAGTTGGTGGA-1_contig_1,false,340,None,,,TRBJ2-6,TRBC2,false,false,,,,,,,,,,,,,,,33282,2,,,
CGATTGATCAGGCCCA-1,false,CGATTGATCAGGCCCA-1_contig_1,false,464,TRB,TRBV20-1,TRBD1,TRBJ1-2,TRBC1,true,true,,,,,,,,,,,CSATGGYGYTF,TGCAGTGCTACAGGGGGCTATGGCTACACCTTC,,,16838,1,,,
CGCGGTATCCGCTGTT-1,false,CGCGGTATCCGCTGTT-1_contig_1,false,368,TRB,TRBV14,,,,false,false,,,,,,,,,,,,,,,52,1,,,
CGCTATCGTACACCGC-1,false,CGCTATCGTACACCGC-1_contig_1,false,482,TRB,TRBV4-2,,TRBJ2-7,TRBC2,true,true,,,,,,,,,,,CASSQGTSGYEQYF,TGTGCCAGCAGCCAAGGGACTAGCGGCTACGAGCAGTACTTC,,,30,1,,,
CGCTGGAAGCCAACAG-1,false,CGCTGGAAGCCAACAG-1_contig_1,false,306,None,,,TRBJ2-2P,TRBC2,false,false,,,,,,,,,,,,,,,46,1,,,
CGCTGGACAGGGTACA-1,true,CGCTGGACAGGGTACA-1_contig_1,true,475,TRB,TRBV4-1,TRBD1,TRBJ2-5,TRBC2,true,true,DTEVTQTPKHLVMGMTNKKSLKCEQH,GACACTGAAGTTACCCAGACACCAAAACACCTGGTCATGGGAATGACAAATAAGAAGTCTTTGAAATGTGAACAACAT,MGHRA,ATGGGGCACAGGGCT,MYWYKQKAKKPPELMFV,ATGTATTGGTACAAGCAGAAAGCTAAGAAGCCACCGGAGCTCATGTTTGTC,YSYEKL,TACAGCTATGAGAAACTC,SINESVPSRFSPECPNSSLLNLHLHALQPEDSALYL,TCTATAAATGAAAGTGTGCCAAGTCGCTTCTCACCTGAATGCCCCAACAGCTCTCTCTTAAACCTTCACCTACACGCCCTGCAGCCAGAAGACTCAGCCCTGTATCTC,CASSDRGQETQYF,TGCGCCAGCAGCGACAGGGGGCAAGAGACCCAGTACTTC,GPGTRLLVL,GGGCCAGGCACGCGGCTCCTGGTGCTCG,26022,3,clonotype14,clonotype14_consensus_1,1
CGCTGGACAGGGTACA-1,true,CGCTGGACAGGGTACA-1_contig_2,true,527,TRA,TRAV5,,TRAJ3,TRAC,true,true,GEDVEQSLFLSVREGDSSVINCTYT,GGAGAGGATGTGGAGCAGAGTCTTTTCCTGAGTGTCCGAGAGGGAGACAGCTCCGTTATAAACTGCACTTACACA,DSSSTY,GACAGCTCCTCCACCTAC,LYWYKQEPGAGLQLLTY,TTATACTGGTATAAGCAAGAACCTGGAGCAGGTCTCCAGTTGCTGACGTAT,IFSNMDM,ATTTTTTCAAATATGGACATG,KQDQRLTVLLNKKDKHLSLRIADTQTGDSAIYF,AAACAAGACCAAAGACTCACTGTTCTATTGAATAAAAAGGATAAACATCTGTCTCTGCGCATTGCAGACACCCAGACTGGGGACTCAGCTATCTACTTC,CAERGWSSASKIIF,TGTGCAGAGAGGGGTTGGAGCAGTGCTTCCAAGATAATCTTT,GSGTRLSIRP,GGATCAGGGACCAGACTCAGCATCCGGCCAA,15092,1,clonotype14,clonotype14_consensus_2,1
CGCTGGACAGGGTACA-1,true,CGCTGGACAGGGTACA-1_contig_3,true,455,TRA,TRAV2,,TRAJ12,TRAC,true,false,,,,,,,,,,,,,,,2278,1,,,
CGCTTCAAGTGCGTGA-1,false,CGCTTCAAGTGCGTGA-1_contig_1,false,496,TRB,TRBV3-1,TRBD1,TRBJ1-1,TRBC1,true,true,,,,,,,,,,,CASSQATGGTEAFF,TGTGCCAGCAGCCAAGCGACAGGGGGCACTGAAGCTTTCTTT,,,17630,1,,,
CGGACACGTCATGCAT-1,false,CGGACACGTCATGCAT-1_contig_1,false,474,TRB,TRBV29-1,,TRBJ2-5,TRBC2,true,true,,,,,,,,,,,CSVEGETQYF,TGCAGCGTTGAGGGGGAGACCCAGTACTTC,,,10698,1,,,
CGGACGTGTCATCCCT-1,false,CGGACGTGTCATCCCT-1_contig_1,true,701,None,,,TRBJ2-2,TRBC2,false,false,,,,,,,,,,,,,,,18370,29,,,
CGGACTGAGTAGGCCA-1,false,CGGACTGAGTAGGCCA-1_contig_1,true,420,None,,,TRBJ2-3,TRBC2,false,false,,,,,,,,,,,,,,,52,21,,,
CGGAGCTAGTTCGCAT-1,false,CGGAGCTAGTTCGCAT-1_contig_1,false,477,None,,,TRBJ1-5,TRBC1,false,false,,,,,,,,,,,,,,,16570,1,,,
CGGTTAAAGAAGGTGA-1,false,CGGTTAAAGAAGGTGA-1_contig_1,false,487,TRB,TRBV5-6,,TRBJ1-4,TRBC1,true,true,,,,,,,,,,,CASSLGGHEKLFF,TGTGCCAGCAGCTTGGGGGGACATGAAAAACTGTTTTTT,,,78,1,,,
CGTAGCGAGCTCCTTC-1,false,CGTAGCGAGCTCCTTC-1_contig_1,false,400,TRA,TRAV13-1,,,TRAC,false,false,,,,,,,,,,,,,,,128,1,,,
CGTAGCGGTCCGAACC-1,false,CGTAGCGGTCCGAACC-1_contig_1,false,490,None,,,TRBJ1-3,TRBC1,false,false,,,,,,,,,,,,,,,1678,1,,,
CGTCAGGAGAGCAATT-1,false,CGTCAGGAGAGCAATT-1_contig_1,false,511,TRB,TRBV14,TRBD1,TRBJ2-6,TRBC2,true,true,,,,,,,,,,,CASSRTGGANVLTF,TGTGCCAGCAGCCGGACAGGGGGGGCCAACGTCCTGACTTTC,,,22140,1,,,
CGTCAGGCACCATCCT-1,false,CGTCAGGCACCATCCT-1_contig_1,false,501,TRB,TRBV14,TRBD1,TRBJ2-6,TRBC2,true,true,,,,,,,,,,,CASSRTGGANVLTF,TGTGCCAGCAGCCGGACAGGGGGGGCCAACGTCCTGACTTTC,,,13712,1,,,
CGTCAGGCACTAGTAC-1,false,CGTCAGGCACTAGTAC-1_contig_1,false,377,None,,,TRBJ1-6,TRBC1,false,false,,,,,,,,,,,,,,,58,1,,,
CGTGAGCAGGTGCACA-1,false,CGTGAGCAGGTGCACA-1_contig_1,false,473,None,,,TRBJ1-5,TRBC1,false,false,,,,,,,,,,,,,,,21634,1,,,
CGTGTCTTCTTAACCT-1,false,CGTGTCTTCTTAACCT-1_contig_1,false,576,TRA,TRAV8-4,,TRAJ37,TRAC,true,true,,,,,,,,,,,CAVSDYGSSNTGKLIF,TGTGCTGTGAGTGATTATGGCTCTAGCAACACAGGCAAACTAATCTTT,,,11726,1,,,
CGTTAGAGTCCGACGT-1,false,CGTTAGAGTCCGACGT-1_contig_1,false,490,TRB,TRBV5-1,,TRBJ2-5,TRBC2,true,true,,,,,,,,,,,CASSSTGETQYF,TGCGCCAGCAGCTCCACAGGGGAGACCCAGTACTTC,,,17190,1,,,
CGTTCTGAGTGTTAGA-1,false,CGTTCTGAGTGTTAGA-1_contig_1,false,513,TRB,TRBV2,,TRBJ1-5,TRBC1,true,false,,,,,,,,,,,CARQGNQPQHF,TGTGCCAGACAGGGCAATCAGCCCCAGCATTTT,,,5592,1,,,
CGTTCTGTCCTGCAGG-1,false,CGTTCTGTCCTGCAGG-1_contig_1,false,483,TRB,TRBV20-1,TRBD1,TRBJ1-2,TRBC1,true,true,,,,,,,,,,,CSATGGYGYTF,TGCAGTGCTACAGGGGGCTATGGCTACACCTTC,,,14796,1,,,
CGTTCTGTCTTTAGGG-1,false,CGTTCTGTCTTTAGGG-1_contig_1,false,484,TRB,TRBV5-1,TRBD1,TRBJ1-2,TRBC1,true,true,,,,,,,,,,,CASSSVTGGYGYTF,TGCGCCAGCAGCTCGGTGACAGGGGGCTATGGCTACACCTTC,,,9966,1,,,
CGTTGGGCAAGCCGTC-1,false,CGTTGGGCAAGCCGTC-1_contig_1,true,303,None,,,TRBJ2-2P,TRBC2,false,false,,,,,,,,,,,,,,,65992,8,,,
CGTTGGGCACAGCCCA-1,false,CGTTGGGCACAGCCCA-1_contig_1,false,483,TRB,TRBV9,,TRBJ1-5,TRBC1,true,true,,,,,,,,,,,CASSVDSNQPQHF,TGTGCCAGCAGCGTAGACAGCAATCAGCCCCAGCATTTT,,,13730,2,,,
CGTTGGGGTGTGCGTC-1,false,CGTTGGGGTGTGCGTC-1_contig_1,false,522,TRB,TRBV7-9,,TRBJ1-2,TRBC1,true,true,,,,,,,,,,,CASSFQGANYGYTF,TGTGCCAGCAGCTTCCAGGGGGCTAACTATGGCTACACCTTC,,,12054,1,,,
CGTTGGGTCCCTCTTT-1,false,CGTTGGGTCCCTCTTT-1_contig_1,false,495,TRB,TRBV6-5,,TRBJ1-6,TRBC1,true,true,,,,,,,,,,,CASSYRDSPLHF,TGTGCCAGCAGTTACAGGGATTCACCCCTCCACTTT,,,18724,1,,,
CGTTGGGTCTGCTGTC-1,false,CGTTGGGTCTGCTGTC-1_contig_1,false,452,TRB,TRBV29-1,,TRBJ2-5,TRBC2,true,true,,,,,,,,,,,CSVEGETQYF,TGCAGCGTTGAGGGGGAGACCCAGTACTTC,,,46,1,,,
CTAAGACAGGACATTA-1,false,CTAAGACAGGACATTA-1_contig_1,false,458,TRA,TRAV9-2,,TRAJ41,TRAC,true,true,,,,,,,,,,,CALSDRDSGYALNF,TGTGCTCTGAGTGATCGGGATTCCGGGTATGCACTCAACTTC,,,26496,1,,,
CTAAGACCACAGCGTC-1,false,CTAAGACCACAGCGTC-1_contig_1,true,806,None,,,TRBJ1-1,TRBC1,false,false,,,,,,,,,,,,,,,43662,6,,,
CTAAGACTCACATGCA-1,false,CTAAGACTCACATGCA-1_contig_1,false,495,TRA,TRAV21,,TRAJ24,TRAC,true,true,,,,,,,,,,,CAVQLTTDSWGKLQF,TGTGCTGTGCAATTGACAACTGACAGCTGGGGGAAATTGCAGTTT,,,18150,1,,,
CTACACCCATGTAGTC-1,false,CTACACCCATGTAGTC-1_contig_1,false,507,TRB,TRBV12-3,,TRBJ2-3,TRBC2,true,true,,,,,,,,,,,CASSSLARSTDTQYF,TGTGCCAGCAGTTCACTAGCGAGATCAACAGATACGCAGTATTTT,,,18396,1,,,
CTACATTTCGCAGGCT-1,false,CTACATTTCGCAGGCT-1_contig_1,false,473,TRB,TRBV9,,TRBJ1-2,TRBC1,true,true,,,,,,,,,,,CASSVADSFYGYTF,TGTGCCAGCAGCGTAGCGGACTCCTTCTATGGCTACACCTTC,,,21924,1,,,
CTACGTCAGAGTCTGG-1,false,CTACGTCAGAGTCTGG-1_contig_1,true,466,TRB,TRBV29-1,,,,false,false,,,,,,,,,,,,,,,20,9,,,
CTAGCCTCATATGCTG-1,false,CTAGCCTCATATGCTG-1_contig_1,false,476,TRB,TRBV9,,TRBJ2-1,TRBC2,true,true,,,,,,,,,,,CASSGTSGAYNEQFF,TGTGCCAGCAGCGGGACTAGCGGAGCCTACAATGAGCAGTTCTTC,,,21026,1,,,
CTAGCCTGTAAAGGAG-1,true,CTAGCCTGTAAAGGAG-1_contig_1,true,511,TRB,TRBV14,TRBD1,TRBJ2-6,TRBC2,true,true,EAGVTQFPSHSVIEKGQTVTLRCDPI,GAAGCTGGAGTTACTCAGTTCCCCAGCCACAGCGTAATAGAGAAGGGCCAGACTGTGACTCTGAGATGTGACCCAATT,SGHDN,TCTGGACATGATAAT,LYWYRRVMGKEIKFLLH,CTTTATTGGTATCGACGTGTTATGGGAAAAGAAATAAAATTTCTGTTACAT,FVKESK,TTTGTGAAAGAGTCTAAA,QDESGMPNNRFLAERTGGTYSTLKVQPAELEDSGVYF,CAGGATGAGTCCGGTATGCCCAACAATCGATTCTTAGCTGAAAGGACTGGAGGGACGTATTCTACTCTGAAGGTGCAGCCTGCAGAACTGGAGGATTCTGGAGTTTATTTC,CASSRTGGANVLTF,TGTGCCAGCAGCCGGACAGGGGGGGCCAACGTCCTGACTTTC,GAGSRLTVL,GGGGCCGGCAGCAGGCTGACCGTGCTGG,55176,5,clonotype19,clonotype19_consensus_1,1
CTAGCCTGTAAAGGAG-1,true,CTAGCCTGTAAAGGAG-1_contig_2,true,452,TRA,TRAV2,,TRAJ15,TRAC,true,true,KDQVFQPSTVASSEGAVVEIFCNHS,AAGGACCAAGTGTTTCAGCCTTCCACAGTGGCATCTTCAGAGGGAGCTGTGGTGGAAATCTTCTGTAATCACTCT,VSNAYN,GTGTCCAATGCTTACAAC,FFWYLHFPGCAPRLLVK,TTCTTCTGGTACCTTCACTTCCCGGGATGTGCACCAAGACTCCTTGTTAAA,GSKP,GGCTCAAAGCCT,SQQGRYNMTYERFSSSLLILQVREADAAVYY,TCTCAGCAGGGACGATACAACATGACCTATGAACGGTTCTCTTCATCGCTGCTCATCCTCCAGGTGCGGGAGGCAGATGCTGCTGTTTACTAC,CAVENQAGTALIF,TGTGCTGTGGAGAACCAGGCAGGAACTGCTCTGATCTTT,GKGTTLSVSS,GGGAAGGGAACCACCTTATCAGTGAGTTCCA,17312,2,clonotype19,clonotype19_consensus_2,1
CTCGGAGTCCGTTGTC-1,false,CTCGGAGTCCGTTGTC-1_contig_1,false,515,TRB,TRBV6-5,,TRBJ2-1,TRBC2,true,true,,,,,,,,,,,CASSSSGGYNEQFF,TGTGCCAGCAGTTCTAGCGGGGGGTACAATGAGCAGTTCTTC,,,22346,1,,,
CTCGTCAAGCTGATAA-1,false,CTCGTCAAGCTGATAA-1_contig_1,false,505,TRB,TRBV7-9,,TRBJ1-5,TRBC1,true,true,,,,,,,,,,,CASSLTQGASNQPQHF,TGTGCCAGCAGCTTAACGCAGGGGGCGAGCAATCAGCCCCAGCATTTT,,,46,1,,,
CTCTGGTGTAAGAGAG-1,false,CTCTGGTGTAAGAGAG-1_contig_1,false,502,TRB,TRBV6-5,,TRBJ2-1,TRBC2,true,true,,,,,,,,,,,CASSSSGGYNEQFF,TGTGCCAGCAGTTCTAGCGGGGGGTACAATGAGCAGTTCTTC,,,10330,1,,,
CTCTGGTGTGGACGAT-1,false,CTCTGGTGTGGACGAT-1_contig_1,false,511,TRB,TRBV14,TRBD1,TRBJ2-6,TRBC2,true,true,,,,,,,,,,,CASSRTGGANVLTF,TGTGCCAGCAGCCGGACAGGGGGGGCCAACGTCCTGACTTTC,,,18010,1,,,
CTCTGGTGTTTGACAC-1,false,CTCTGGTGTTTGACAC-1_contig_1,false,505,TRA,TRAV29/DV5,,TRAJ32,TRAC,true,true,,,,,,,,,,,CAGDGGATNKLIF,TGTGCTGGCGATGGTGGTGCTACAAACAAGCTCATCTTT,,,30,1,,,
CTGAAGTCAAGCCATT-1,false,CTGAAGTCAAGCCATT-1_contig_1,false,475,TRB,TRBV5-6,,TRBJ1-4,TRBC1,true,true,,,,,,,,,,,CASSLGGHEKLFF,TGTGCCAGCAGCTTGGGGGGACATGAAAAACTGTTTTTT,,,17714,1,,,
CTGATCCCAAACTGTC-1,false,CTGATCCCAAACTGTC-1_contig_1,false,477,TRB,TRBV7-2,TRBD2,TRBJ2-3,TRBC2,true,true,,,,,,,,,,,CASSWTSGGGTDTQYF,TGTGCCAGCAGCTGGACTAGCGGGGGGGGCACAGATACGCAGTATTTT,,,24000,1,,,
CTGCCTAAGCCACGCT-1,false,CTGCCTAAGCCACGCT-1_contig_1,false,511,TRB,TRBV14,TRBD1,TRBJ2-6,TRBC2,true,true,,,,,,,,,,,CASSRTGGANVLTF,TGTGCCAGCAGCCGGACAGGGGGGGCCAACGTCCTGACTTTC,,,21494,1,,,
CTGCCTATCTCACATT-1,false,CTGCCTATCTCACATT-1_contig_1,false,510,TRB,TRBV12-3,,TRBJ2-4,TRBC2,true,true,,,,,,,,,,,CASSLGSGRRENIQYF,TGTGCCAGCAGTTTAGGTAGCGGGAGGCGGGAGAACATTCAGTACTTC,,,22346,1,,,
CTGCGGACATTATCTC-1,false,CTGCGGACATTATCTC-1_contig_1,false,475,TRB,TRBV4-1,TRBD1,TRBJ2-5,TRBC2,true,true,,,,,,,,,,,CASSDRGQETQYF,TGCGCCAGCAGCGACAGGGGGCAAGAGACCCAGTACTTC,,,584,2,,,
CTGCTGTAGATATACG-1,false,CTGCTGTAGATATACG-1_contig_1,false,473,TRB,TRBV10-3,TRBD1,TRBJ2-4,TRBC2,true,true,,,,,,,,,,,CAISESGAKNIQYF,TGTGCCATCAGTGAGTCAGGGGCCAAAAACATTCAGTACTTC,,,24412,1,,,
CTGCTGTTCATGGTCA-1,false,CTGCTGTTCATGGTCA-1_contig_1,true,332,None,,,TRBJ2-6,TRBC2,false,false,,,,,,,,,,,,,,,9316,15,,,
CTGTGCTTCAAACCAC-1,false,CTGTGCTTCAAACCAC-1_contig_1,false,504,TRB,TRBV7-9,,TRBJ2-4,TRBC2,true,true,,,,,,,,,,,CASSLAGAKNIQYF,TGTGCCAGCAGCTTAGCGGGAGCCAAAAACATTCAGTACTTC,,,19792,1,,,
CTGTGCTTCTATGTGG-1,false,CTGTGCTTCTATGTGG-1_contig_1,false,639,TRA,TRAV26-1,,TRAJ23,TRAC,true,true,,,,,,,,,,,CIVRAGYNQGGKLIF,TGCATCGTCAGAGCCGGTTATAACCAGGGAGGAAAGCTTATCTTC,,,3066,1,,,
CTGTTTACACCAGTTA-1,false,CTGTTTACACCAGTTA-1_contig_1,true,399,None,,,TRBJ1-3,TRBC1,false,false,,,,,,,,,,,,,,,14962,5,,,
CTGTTTACACCAGTTA-1,false,CTGTTTACACCAGTTA-1_contig_2,true,320,None,,,TRBJ1-6,TRBC1,false,false,,,,,,,,,,,,,,,37796,2,,,
CTTAACTAGAGTAATC-1,false,CTTAACTAGAGTAATC-1_contig_1,false,496,TRB,TRBV3-1,TRBD1,TRBJ1-1,TRBC1,true,true,,,,,,,,,,,CASSQATGGTEAFF,TGTGCCAGCAGCCAAGCGACAGGGGGCACTGAAGCTTTCTTT,,,14892,1,,,
CTTACCGGTGTTGGGA-1,false,CTTACCGGTGTTGGGA-1_contig_1,false,486,TRB,TRBV20-1,TRBD1,TRBJ1-2,TRBC1,true,true,,,,,,,,,,,CSATGGYGYTF,TGCAGTGCTACAGGGGGCTATGGCTACACCTTC,,,16632,1,,,
CTTTGCGTCAGGATCT-1,false,CTTTGCGTCAGGATCT-1_contig_1,false,508,TRB,TRBV7-9,TRBD1,TRBJ2-7,TRBC2,true,true,,,,,,,,,,,CASSGTGGYEQYF,TGTGCCAGCAGCGGGACAGGGGGCTACGAGCAGTACTTC,,,18492,1,,,
GAACATCTCACAGGCC-1,false,GAACATCTCACAGGCC-1_contig_1,false,484,TRB,TRBV4-3,,TRBJ2-6,TRBC2,true,true,,,,,,,,,,,CASSQAILAGASGANVLTF,TGCGCCAGCAGCCAAGCGATACTAGCGGGGGCCTCTGGGGCCAACGTCCTGACTTTC,,,11168,2,,,
GAACCTAGTTCGGGCT-1,false,GAACCTAGTTCGGGCT-1_contig_1,false,317,None,,,TRBJ1-5,TRBC1,false,false,,,,,,,,,,,,,,,11474,1,,,
GAATAAGCATGAAGTA-1,false,GAATAAGCATGAAGTA-1_contig_1,false,518,TRA,TRAV2,,TRAJ15,TRAC,true,true,,,,,,,,,,,CAVENQAGTALIF,TGTGCTGTGGAGAACCAGGCAGGAACTGCTCTGATCTTT,,,19532,1,,,
GACACGCAGCGTTTAC-1,false,GACACGCAGCGTTTAC-1_contig_1,false,373,None,,,TRBJ1-6,TRBC1,false,false,,,,,,,,,,,,,,,18524,1,,,
GACACGCGTGATGATA-1,false,GACACGCGTGATGATA-1_contig_1,true,364,None,,,TRBJ2-1,TRBC2,false,false,,,,,,,,,,,,,,,106,31,,,
GACCAATGTGCTTCTC-1,false,GACCAATGTGCTTCTC-1_contig_1,false,511,TRB,TRBV14,TRBD1,TRBJ2-6,TRBC2,true,true,,,,,,,,,,,CASSRTGGANVLTF,TGTGCCAGCAGCCGGACAGGGGGGGCCAACGTCCTGACTTTC,,,750,1,,,
GACGCGTGTGCACCAC-1,false,GACGCGTGTGCACCAC-1_contig_1,false,477,TRA,TRAV20,,TRAJ45,TRAC,true,true,,,,,,,,,,,CAVYSGGGADGLTF,TGTGCTGTGTATTCAGGAGGAGGTGCTGACGGACTCACCTTT,,,27752,1,,,
GACGTGCGTCACACGC-1,false,GACGTGCGTCACACGC-1_contig_1,false,366,None,,,TRBJ2-3,TRBC2,false,false,,,,,,,,,,,,,,,46,1,,,
GACGTTATCCTGCCAT-1,false,GACGTTATCCTGCCAT-1_contig_1,false,472,TRB,TRBV5-1,,TRBJ2-5,TRBC2,true,true,,,,,,,,,,,CASRDNQETQYF,TGCGCCAGCAGGGACAACCAAGAGACCCAGTACTTC,,,3638,1,,,
GACTAACCAGTCTTCC-1,false,GACTAACCAGTCTTCC-1_contig_1,true,309,None,,,TRBJ2-2P,TRBC2,false,false,,,,,,,,,,,,,,,10400,7,,,
GAGCAGAAGTCGCCGT-1,false,GAGCAGAAGTCGCCGT-1_contig_1,false,503,TRB,TRBV7-9,,TRBJ2-4,TRBC2,true,true,,,,,,,,,,,CASSLAGAKNIQYF,TGTGCCAGCAGCTTAGCGGGAGCCAAAAACATTCAGTACTTC,,,21104,1,,,
GAGCAGACAATAGCAA-1,true,GAGCAGACAATAGCAA-1_contig_1,true,506,TRB,TRBV5-1,TRBD1,TRBJ2-7,TRBC2,true,true,KAGVTQTPRYLIKTRGQQVTLSCSPI,AAGGCTGGAGTCACTCAAACTCCAAGATATCTGATCAAAACGAGAGGACAGCAAGTGACACTGAGCTGCTCCCCTATC,SGHRS,TCTGGGCATAGGAGT,VSWYQQTPGQGLQFLFE,GTATCCTGGTACCAACAGACCCCAGGACAGGGCCTTCAGTTCCTCTTTGAA,YFSETQ,TACTTCAGTGAGACACAG,RNKGNFPGRFSGRQFSNSRSEMNVSTLELGDSALYL,AGAAACAAAGGAAACTTCCCTGGTCGATTCTCAGGGCGCCAGTTCTCTAACTCTCGCTCTGAGATGAATGTGAGCACCTTGGAGCTGGGGGACTCGGCCCTTTATCTT,CASSLTGGSYEQYF,TGCGCCAGCAGCTTGACAGGGGGCTCCTACGAGCAGTACTTC,GPGTRLTVT,GGGCCGGGCACCAGGCTCACGGTCACAG,66596,9,clonotype17,clonotype17_consensus_1,1
GAGCAGACAATAGCAA-1,true,GAGCAGACAATAGCAA-1_contig_2,true,490,TRA,TRAV1-1,,TRAJ18,TRAC,true,true,GQSLEQPSEVTAVEGAIVQINCTYQ,GGACAAAGCCTTGAGCAGCCCTCTGAAGTGACAGCTGTGGAAGGAGCCATTGTCCAGATAAACTGCACGTACCAG,TSGFYG,ACATCTGGGTTTTATGGG,LSWYQQHDGGAPTFLSY,CTGTCCTGGTACCAGCAACATGATGGCGGAGCACCCACATTTCTTTCTTAC,NGLDGL,AATGGTCTGGATGGTTTG,EETGRFSSFLSRSDSYGYLLLQELQMKDSASYF,GAGGAGACAGGTCGTTTTTCTTCATTCCTTAGTCGCTCTGATAGTTATGGTTACCTCCTTCTACAGGAGCTCCAGATGAAAGACTCTGCCTCTTACTTC,CAVGGSTLGRLYF,TGCGCTGTGGGAGGCTCAACCCTGGGGAGGCTATACTTT,GRGTQLTVWP,GGAAGAGGAACTCAGTTGACTGTCTGGCCTG,11342,1,clonotype17,clonotype17_consensus_2,1
GAGCAGAGTCGCCATG-1,false,GAGCAGAGTCGCCATG-1_contig_1,false,499,TRB,TRBV7-9,,TRBJ2-4,TRBC2,true,true,,,,,,,,,,,CASSLAGAKNIQYF,TGTGCCAGCAGCTTAGCGGGAGCCAAAAACATTCAGTACTTC,,,36,1,,,
GAGTCCGAGGCCATAG-1,false,GAGTCCGAGGCCATAG-1_contig_1,false,511,TRB,TRBV14,TRBD1,TRBJ2-6,TRBC2,true,true,,,,,,,,,,,CASSRTGGANVLTF,TGTGCCAGCAGCCGGACAGGGGGGGCCAACGTCCTGACTTTC,,,14488,1,,,
GATCAGTCATGCAACT-1,false,GATCAGTCATGCAACT-1_contig_1,false,504,None,,,TRBJ1-5,TRBC1,false,false,,,,,,,,,,,,,,,18798,1,,,
GATCAGTGTCGCCATG-1,false,GATCAGTGTCGCCATG-1_contig_1,false,454,TRB,TRBV29-1,,TRBJ2-5,TRBC2,true,true,,,,,,,,,,,CSVEGETQYF,TGCAGCGTTGAGGGGGAGACCCAGTACTTC,,,21634,1,,,
GATCGTAAGTCATCCA-1,false,GATCGTAAGTCATCCA-1_contig_1,false,568,TRA,TRAV8-1,,TRAJ26,TRAC,true,true,,,,,,,,,,,CAVDNYGQNFVF,TGTGCCGTGGATAACTATGGTCAGAATTTTGTCTTT,,,21224,1,,,
GATCGTAGTACAAGTA-1,false,GATCGTAGTACAAGTA-1_contig_1,false,464,TRB,TRBV29-1,,TRBJ2-5,TRBC2,true,true,,,,,,,,,,,CSVEGETQYF,TGCAGCGTTGAGGGGGAGACCCAGTACTTC,,,16996,1,,,
GATCGTATCGCAGGCT-1,true,GATCGTATCGCAGGCT-1_contig_1,true,533,TRB,TRBV7-9,,TRBJ2-7,TRBC2,true,true,DTGVSQDPRHKITKRGQNVTFRCDPI,GATACTGGAGTCTCCCAGGACCCCAGACACAAGATCACAAAGAGGGGACAGAATGTAACTTTCAGGTGTGATCCAATT,SEHNR,TCTGAACACAACCGC,LYWYRQTLGQGPEFLTY,CTTTATTGGTACCGACAGACCCTGGGGCAGGGCCCAGAGTTTCTGACTTAC,FQNEAQ,TTCCAGAATGAAGCTCAA,LEKSRLLSDRFSAERPKGSFSTLEIQRTEQGDSAMYL,CTAGAAAAATCAAGGCTGCTCAGTGATCGGTTCTCTGCAGAGAGGCCTAAGGGATCTTTCTCCACCTTGGAGATCCAGCGCACAGAGCAGGGGGACTCGGCCATGTATCTC,CASSLLAGEQYF,TGTGCCAGCAGCTTACTAGCGGGAGAGCAGTACTTC,GPGTRLTVT,GGGCCGGGCACCAGGCTCACGGTCACAG,60314,14,clonotype11,clonotype11_consensus_1,1
GATCGTATCGCAGGCT-1,true,GATCGTATCGCAGGCT-1_contig_2,true,453,TRA,TRAV13-1,,TRAJ24,TRAC,true,true,GENVEQHPSTLSVQEGDSAVIKCTYS,GGAGAGAATGTGGAGCAGCATCCTTCAACCCTGAGTGTCCAGGAGGGAGACAGCGCTGTTATCAAGTGTACTTATTCA,DSASNY,GACAGTGCCTCAAACTAC,FPWYKQELGKGPQLIID,TTCCCTTGGTATAAGCAAGAACTTGGAAAAGGACCTCAGCTTATTATAGAC,IRSNVGE,ATTCGTTCAAATGTGGGCGAA,KKDQRIAVTLNKTAKHFSLHITETQPEDSAVYF,AAGAAAGACCAACGAATTGCTGTTACATTGAACAAGACAGCCAAACATTTCTCCCTGCACATCACAGAGACCCAACCTGAAGACTCGGCTGTCTACTTC,CATDSWGKLQF,TGTGCAACTGACAGCTGGGGGAAATTGCAGTTT,GAGTQVVVTP,GGAGCAGGGACCCAGGTTGTGGTCACCCCAG,15424,3,clonotype11,clonotype11_consensus_2,1
GATCGTATCGCAGGCT-1,true,GATCGTATCGCAGGCT-1_contig_3,true,521,TRA,TRAV14/DV4,,TRAJ21,TRAC,true,false,,,,,,,,,,,,,,,2008,1,,,
GATGAAAAGCACACAG-1,false,GATGAAAAGCACACAG-1_contig_1,false,502,TRB,TRBV7-9,,TRBJ1-2,TRBC1,true,true,,,,,,,,,,,CASSFQGANYGYTF,TGTGCCAGCAGCTTCCAGGGGGCTAACTATGGCTACACCTTC,,,18512,1,,,
GATGAGGAGACGCACA-1,false,GATGAGGAGACGCACA-1_contig_1,true,775,None,,,TRBJ2-3,TRBC2,false,false,,,,,,,,,,,,,,,150,24,,,
GATGAGGAGCGCCTCA-1,false,GATGAGGAGCGCCTCA-1_contig_1,false,464,TRB,TRBV9,,TRBJ2-3,TRBC2,true,true,,,,,,,,,,,CASSVATDRDTQYF,TGTGCCAGCAGCGTAGCTACGGACAGGGATACGCAGTATTTT,,,10732,1,,,
GATTCAGCACAGGAGT-1,false,GATTCAGCACAGGAGT-1_contig_1,false,447,TRA,TRAV2,,TRAJ15,TRAC,true,true,,,,,,,,,,,CAVENQAGTALIF,TGTGCTGTGGAGAACCAGGCAGGAACTGCTCTGATCTTT,,,88,1,,,
GATTCAGTCTTACCGC-1,false,GATTCAGTCTTACCGC-1_contig_1,false,511,TRB,TRBV14,TRBD1,TRBJ2-6,TRBC2,true,true,,,,,,,,,,,CASSRTGGANVLTF,TGTGCCAGCAGCCGGACAGGGGGGGCCAACGTCCTGACTTTC,,,9404,1,,,
GCAAACTAGCGACGTA-1,false,GCAAACTAGCGACGTA-1_contig_1,false,486,None,,,TRBJ1-5,TRBC1,false,false,,,,,,,,,,,,,,,21968,1,,,
GCAAACTAGGAGTAGA-1,true,GCAAACTAGGAGTAGA-1_contig_1,true,502,TRB,TRBV5-1,,TRBJ2-3,TRBC2,true,true,KAGVTQTPRYLIKTRGQQVTLSCSPI,AAGGCTGGAGTCACTCAAACTCCAAGATATCTGATCAAAACGAGAGGACAGCAAGTGACACTGAGCTGCTCCCCTATC,SGHRS,TCTGGGCATAGGAGT,VSWYQQTPGQGLQFLFE,GTATCCTGGTACCAACAGACCCCAGGACAGGGCCTTCAGTTCCTCTTTGAA,YFSETQ,TACTTCAGTGAGACACAG,RNKGNFPGRFSGRQFSNSRSEMNVSTLELGDSALYL,AGAAACAAAGGAAACTTCCCTGGTCGATTCTCAGGGCGCCAGTTCTCTAACTCTCGCTCTGAGATGAATGTGAGCACCTTGGAGCTGGGGGACTCGGCCCTTTATCTT,CASSPRLALSTDTQYF,TGCGCCAGCAGCCCCCGACTAGCCCTTAGCACAGATACGCAGTATTTT,GPGTRLTVL,GGCCCAGGCACCCGGCTGACAGTGCTCG,12502,2,clonotype22,clonotype22_consensus_1,1
GCAAACTAGGAGTAGA-1,true,GCAAACTAGGAGTAGA-1_contig_2,true,565,TRA,TRAV19,,TRAJ30,TRAC,true,true,AQKVTQAQTEISVVEKEDVTLDCVYE,GCTCAGAAGGTAACTCAAGCGCAGACTGAAATTTCTGTGGTGGAGAAGGAGGATGTGACCTTGGACTGTGTGTATGAA,TRDTTYY,ACCCGTGATACTACTTATTAC,LFWYKQPPSGELVFLIR,TTATTCTGGTACAAGCAACCACCAAGTGGAGAATTGGTTTTCCTTATTCGT,RNSFDEQN,CGGAACTCTTTTGATGAGCAAAAT,EISGRYSWNFQKSTSSFNFTITASQVVDSAVYF,GAAATAAGTGGTCGGTATTCTTGGAACTTCCAGAAATCCACCAGTTCCTTCAACTTCACCATCACAGCCTCACAAGTCGTGGACTCAGCAGTATACTTC,CALSEVRRDDKIIF,TGTGCTCTGAGTGAGGTGAGAAGAGATGACAAGATCATCTTT,GKGTRLHILP,GGAAAAGGGACACGACTTCATATTCTCCCCA,57022,6,clonotype22,clonotype22_consensus_2,1
GCAAACTAGTCATCCA-1,false,GCAAACTAGTCATCCA-1_contig_1,false,486,TRB,TRBV5-1,,TRBJ2-3,TRBC2,true,true,,,,,,,,,,,CASSPRLALSTDTQYF,TGCGCCAGCAGCCCCCGACTAGCCCTTAGCACAGATACGCAGTATTTT,,,98,1,,,
GCAAACTCAGTATAAG-1,false,GCAAACTCAGTATAAG-1_contig_1,false,492,TRB,TRBV5-1,,TRBJ2-3,TRBC2,true,true,,,,,,,,,,,CASSLDTDTQYF,TGCGCCAGCAGCTTGGACACAGATACGCAGTATTTT,,,70,1,,,
GCACATAGTCTCTTAT-1,false,GCACATAGTCTCTTAT-1_contig_1,false,474,TRB,TRBV5-1,,TRBJ2-1,TRBC2,true,true,,,,,,,,,,,CASSLAGNEQFF,TGCGCCAGCAGCTTGGCTGGGAATGAGCAGTTCTTC,,,58,1,,,
GCACTCTAGAAACCTA-1,false,GCACTCTAGAAACCTA-1_contig_1,false,504,TRB,TRBV7-9,,TRBJ1-2,TRBC1,true,true,,,,,,,,,,,CASSFQGANYGYTF,TGTGCCAGCAGCTTCCAGGGGGCTAACTATGGCTACACCTTC,,,16108,1,,,
GCATGATGTAAGCACG-1,true,GCATGATGTAAGCACG-1_contig_1,true,466,TRB,TRBV2,,TRBJ2-3,TRBC2,true,true,EPEVTQTPSHQVTQMGQEVILRCVPI,GAACCTGAAGTCACCCAGACTCCCAGCCATCAGGTCACACAGATGGGACAGGAAGTGATCTTGCGCTGTGTCCCCATC,SNHLY,TCTAATCACTTATAC,FYWYRQILGQKVEFLVS,TTCTATTGGTACAGACAAATCTTGGGGCAGAAAGTCGAGTTTCTGGTTTCC,FYNNEI,TTTTATAATAATGAAATC,SEKSEIFDDQFSVERPDGSNFTLKIRSTKLEDSAMYF,TCAGAGAAGTCTGAAATATTCGATGATCAATTCTCAGTTGAAAGGCCTGATGGATCAAATTTCACTCTGAAGATCCGGTCCACAAAGCTGGAGGACTCAGCCATGTACTTC,CASSGTDTQYF,TGTGCCAGCAGTGGCACAGATACGCAGTATTTT,GPGTRLTVL,GGCCCAGGCACCCGGCTGACAGTGCTCG,63856,15,clonotype8,clonotype8_consensus_1,1
GCATGATGTAAGCACG-1,true,GCATGATGTAAGCACG-1_contig_2,true,571,TRA,TRAV8-6,,TRAJ43,TRAC,true,true,AQSVTQLDSQVPVFEEAPVELRCNYS,GCCCAGTCTGTGACCCAGCTTGACAGCCAAGTCCCTGTCTTTGAAGAAGCCCCTGTGGAGCTGAGGTGCAACTACTCA,SSVSVY,TCGTCTGTTTCAGTGTAT,LFWYVQYPNQGLQLLLK,CTCTTCTGGTATGTGCAATACCCCAACCAAGGACTCCAGCTTCTCCTGAAG,YLSGSTLV,TATTTATCAGGATCCACCCTGGTT,KGINGFEAEFNKSQTSFHLRKPSVHISDTAEYF,AAAGGCATCAACGGTTTTGAGGCTGAATTTAACAAGAGTCAAACTTCCTTCCACTTGAGGAAACCCTCAGTCCATATAAGCGACACGGCTGAGTACTTC,CAVSGPNNNDMRF,TGTGCTGTGAGTGGGCCCAATAACAATGACATGCGCTTT,GAGTRLTVKP,GGAGCAGGGACCAGACTGACAGTAAAACCAA,6372,1,clonotype8,clonotype8_consensus_2,1
GCATGATGTAAGCACG-1,true,GCATGATGTAAGCACG-1_contig_3,true,604,None,,,TRAJ38,TRAC,false,false,,,,,,,,,,,,,,,4424,1,,,
GCATGATTCACAAACC-1,false,GCATGATTCACAAACC-1_contig_1,false,518,TRA,TRAV21,,TRAJ10,TRAC,true,true,,,,,,,,,,,CAVTGGGNKLTF,TGTGCTGTGACGGGAGGAGGAAACAAACTCACCTTT,,,13976,1,,,
GCATGCGGTGAAATCA-1,false,GCATGCGGTGAAATCA-1_contig_1,false,562,TRB,TRBV7-9,,TRBJ1-2,TRBC1,true,true,,,,,,,,,,,CASSFQGANYGYTF,TGTGCCAGCAGCTTCCAGGGGGCTAACTATGGCTACACCTTC,,,21020,1,,,
GCATGCGTCGCATGAT-1,false,GCATGCGTCGCATGAT-1_contig_1,false,622,None,,,TRBJ1-5,TRBC1,false,false,,,,,,,,,,,,,,,12086,1,,,
GCATGTATCTCTTATG-1,false,GCATGTATCTCTTATG-1_contig_1,false,462,TRA,TRAV8-6,,TRAJ12,TRAC,true,true,,,,,,,,,,,CAVTRMDSSYKLIF,TGTGCTGTGACTCGGATGGATAGCAGCTATAAATTGATCTTC,,,23032,1,,,
GCGACCAAGGCAAAGA-1,false,GCGACCAAGGCAAAGA-1_contig_1,false,346,None,,,TRBJ1-4,TRBC1,false,false,,,,,,,,,,,,,,,52,1,,,
GCGAGAAAGTACGCCC-1,false,GCGAGAAAGTACGCCC-1_contig_1,false,364,None,,,TRBJ1-4,TRBC1,false,false,,,,,,,,,,,,,,,23180,1,,,
GCGCCAACACCCATTC-1,false,GCGCCAACACCCATTC-1_contig_1,false,443,None,,,TRAJ6,TRAC,false,false,,,,,,,,,,,,,,,33796,1,,,
GCGCGATAGAAAGTGG-1,false,GCGCGATAGAAAGTGG-1_contig_1,false,489,TRB,TRBV20-1,TRBD1,TRBJ1-2,TRBC1,true,true,,,,,,,,,,,CSATGGYGYTF,TGCAGTGCTACAGGGGGCTATGGCTACACCTTC,,,19724,1,,,
GCGCGATTCAGTCAGT-1,false,GCGCGATTCAGTCAGT-1_contig_1,false,576,TRA,TRAV8-4,,TRAJ37,TRAC,true,true,,,,,,,,,,,CAVSDYGSSNTGKLIF,TGTGCTGTGAGTGATTATGGCTCTAGCAACACAGGCAAACTAATCTTT,,,15126,1,,,
GCTCCTAGTGTTGAGG-1,false,GCTCCTAGTGTTGAGG-1_contig_1,false,511,TRB,TRBV14,TRBD1,TRBJ2-6,TRBC2,true,true,,,,,,,,,,,CASSRTGGANVLTF,TGTGCCAGCAGCCGGACAGGGGGGGCCAACGTCCTGACTTTC,,,17554,1,,,
GCTCTGTGTCCAGTGC-1,false,GCTCTGTGTCCAGTGC-1_contig_1,true,399,TRB,TRBV29-1,,TRBJ2-5,TRBC2,false,false,,,,,,,,,,,CSVEGETQYF,TGCAGCGTTGAGGGGGAGACCCAGTACTTC,,,914,5,,,
GCTGCAGGTCGCCATG-1,false,GCTGCAGGTCGCCATG-1_contig_1,false,307,None,,,TRBJ2-3,TRBC2,false,false,,,,,,,,,,,,,,,33404,1,,,
GCTGCGAAGACGACGT-1,false,GCTGCGAAGACGACGT-1_contig_1,false,518,TRB,TRBV7-9,,TRBJ1-2,TRBC1,true,true,,,,,,,,,,,CASSFQGANYGYTF,TGTGCCAGCAGCTTCCAGGGGGCTAACTATGGCTACACCTTC,,,27716,1,,,
GCTGCTTCATTATCTC-1,false,GCTGCTTCATTATCTC-1_contig_1,false,492,TRB,TRBV7-9,,TRBJ1-2,TRBC1,true,true,,,,,,,,,,,CASSFQGANYGYTF,TGTGCCAGCAGCTTCCAGGGGGCTAACTATGGCTACACCTTC,,,19088,1,,,
GCTGGGTAGTTAGGTA-1,false,GCTGGGTAGTTAGGTA-1_contig_1,true,309,None,,,TRBJ2-2P,TRBC2,false,false,,,,,,,,,,,,,,,39052,5,,,
GCTTCCAAGTCGTTTG-1,true,GCTTCCAAGTCGTTTG-1_contig_1,true,552,TRB,TRBV5-1,,TRBJ2-3,TRBC2,true,true,KAGVTQTPRYLIKTRGQQVTLSCSPI,AAGGCTGGAGTCACTCAAACTCCAAGATATCTGATCAAAACGAGAGGACAGCAAGTGACACTGAGCTGCTCCCCTATC,SGHRS,TCTGGGCATAGGAGT,VSWYQQTPGQGLQFLFE,GTATCCTGGTACCAACAGACCCCAGGACAGGGCCTTCAGTTCCTCTTTGAA,YFSETQ,TACTTCAGTGAGACACAG,RNKGNFPGRFSGRQFSNSRSEMNVSTLELGDSALYL,AGAAACAAAGGAAACTTCCCTGGTCGATTCTCAGGGCGCCAGTTCTCTAACTCTCGCTCTGAGATGAATGTGAGCACCTTGGAGCTGGGGGACTCGGCCCTTTATCTT,CASSLDTDTQYF,TGCGCCAGCAGCTTGGACACAGATACGCAGTATTTT,GPGTRLTVL,GGCCCAGGCACCCGGCTGACAGTGCTCG,47866,4,clonotype6,clonotype6_consensus_1,1
GCTTCCACATCGATGT-1,false,GCTTCCACATCGATGT-1_contig_1,false,311,None,,,TRBJ1-6,TRBC1,false,false,,,,,,,,,,,,,,,18408,1,,,
GCTTCCAGTACTTAGC-1,false,GCTTCCAGTACTTAGC-1_contig_1,false,630,TRA,TRAV8-2,,TRAJ3,TRAC,false,false,,,,,,,,,,,,,,,15310,1,,,
GCTTGAAAGACCACGA-1,false,GCTTGAAAGACCACGA-1_contig_1,false,501,TRB,TRBV11-2,,TRBJ2-1,TRBC2,true,true,,,,,,,,,,,CASSLGLAYNEQFF,TGTGCCAGCAGCTTAGGACTAGCGTACAATGAGCAGTTCTTC,,,44,1,,,
GCTTGAATCGGTGTCG-1,false,GCTTGAATCGGTGTCG-1_contig_1,false,476,TRB,TRBV20-1,TRBD1,TRBJ1-2,TRBC1,true,true,,,,,,,,,,,CSATGGYGYTF,TGCAGTGCTACAGGGGGCTATGGCTACACCTTC,,,15182,1,,,
GGAAAGCTCTCATTCA-1,false,GGAAAGCTCTCATTCA-1_contig_1,false,506,TRB,TRBV6-1,TRBD1,TRBJ2-4,TRBC2,true,true,,,,,,,,,,,CASSDRGPKNIQYF,TGTGCCAGCAGTGACAGGGGGCCCAAAAACATTCAGTACTTC,,,88,1,,,
GGAACTTAGGTGATTA-1,false,GGAACTTAGGTGATTA-1_contig_1,false,372,None,,,TRBJ1-3,TRBC1,false,false,,,,,,,,,,,,,,,64,1,,,
GGAACTTGTACCGAGA-1,false,GGAACTTGTACCGAGA-1_contig_1,true,411,None,,,TRBJ2-5,TRBC2,false,false,,,,,,,,,,,,,,,50828,9,,,
GGAATAACACGAAGCA-1,false,GGAATAACACGAAGCA-1_contig_1,false,470,TRB,TRBV28,,TRBJ2-5,TRBC2,true,false,,,,,,,,,,,CASSPQGGSGETQYF,TGTGCCAGCAGTCCACAGGGGGGAAGTGGAGAGACCCAGTACTTC,,,20342,1,,,
GGACAAGCAGGGCATA-1,false,GGACAAGCAGGGCATA-1_contig_1,false,373,TRB,TRBV5-6,,TRBJ1-4,TRBC1,true,false,,,,,,,,,,,,,,,94,2,,,
GGACAGAGTCAGTGGA-1,false,GGACAGAGTCAGTGGA-1_contig_1,false,674,TRA,TRAV8-3,,TRAJ20,TRAC,true,true,,,,,,,,,,,CAVDVNDYKLSF,TGTGCTGTGGATGTTAACGACTACAAGCTCAGCTTT,,,29244,2,,,
GGACGTCGTTGCGCAC-1,false,GGACGTCGTTGCGCAC-1_contig_1,false,474,TRB,TRBV5-1,,TRBJ2-5,TRBC2,true,true,,,,,,,,,,,CASRDNQETQYF,TGCGCCAGCAGGGACAACCAAGAGACCCAGTACTTC,,,15968,1,,,
GGACGTCTCCCTCAGT-1,false,GGACGTCTCCCTCAGT-1_contig_1,false,359,None,,,TRBJ1-6,TRBC1,false,false,,,,,,,,,,,,,,,14,5,,,
GGAGCAAGTTCGAATC-1,false,GGAGCAAGTTCGAATC-1_contig_1,false,473,None,,,TRBJ1-5,TRBC1,false,false,,,,,,,,,,,,,,,30,1,,,
GGATGTTGTGAGCGAT-1,false,GGATGTTGTGAGCGAT-1_contig_1,false,465,TRB,TRBV28,TRBD2,TRBJ2-7,TRBC2,true,true,,,,,,,,,,,CASSLWTSGSYEQYF,TGTGCCAGCAGTTTATGGACTAGCGGGAGCTACGAGCAGTACTTC,,,62,2,,,
GGATGTTGTGAGCGAT-1,false,GGATGTTGTGAGCGAT-1_contig_2,false,489,TRA,TRAV38-2/DV8,,TRAJ48,TRAC,true,true,,,,,,,,,,,CAYRRGFGNEKLTF,TGTGCTTATAGGAGGGGCTTTGGAAATGAGAAATTAACCTTT,,,96,2,,,
GGCAATTTCAGTGCAT-1,false,GGCAATTTCAGTGCAT-1_contig_1,false,470,TRB,TRBV6-4,,TRBJ1-2,TRBC1,true,true,,,,,,,,,,,CPRASRGANYGYTF,TGTCCCCGTGCCAGCCGGGGGGCTAACTATGGCTACACCTTC,,,34,3,,,
GGCCGATCACGCTTTC-1,false,GGCCGATCACGCTTTC-1_contig_1,false,511,TRB,TRBV14,TRBD1,TRBJ2-6,TRBC2,true,true,,,,,,,,,,,CASSRTGGANVLTF,TGTGCCAGCAGCCGGACAGGGGGGGCCAACGTCCTGACTTTC,,,17476,1,,,
GGCGACTTCGGTTAAC-1,false,GGCGACTTCGGTTAAC-1_contig_1,false,476,TRB,TRBV20-1,TRBD1,TRBJ1-2,TRBC1,true,true,,,,,,,,,,,CSATGGYGYTF,TGCAGTGCTACAGGGGGCTATGGCTACACCTTC,,,24288,1,,,
GGCGTGTTCAACGCTA-1,false,GGCGTGTTCAACGCTA-1_contig_1,false,501,TRB,TRBV4-1,TRBD1,TRBJ2-5,TRBC2,true,true,,,,,,,,,,,CASSDRGQETQYF,TGCGCCAGCAGCGACAGGGGGCAAGAGACCCAGTACTTC,,,22486,1,,,
GGCTCGAGTCGCGAAA-1,false,GGCTCGAGTCGCGAAA-1_contig_1,false,670,TRA,TRAV8-3,,TRAJ10,TRAC,true,true,,,,,,,,,,,CAVGAGGGNKLTF,TGTGCTGTGGGTGCGGGAGGAGGAAACAAACTCACCTTT,,,10700,1,,,
GGCTGGTTCACTGGGC-1,false,GGCTGGTTCACTGGGC-1_contig_1,false,593,TRA,TRAV21,,TRAJ10,TRAC,true,true,,,,,,,,,,,CAVTGGGNKLTF,TGTGCTGTGACGGGAGGAGGAAACAAACTCACCTTT,,,27766,1,,,
GGGAATGAGTCACGCC-1,false,GGGAATGAGTCACGCC-1_contig_1,true,325,None,,,TRBJ2-7,TRBC2,false,false,,,,,,,,,,,,,,,57164,4,,,
GGGAATGGTGGTTTCA-1,false,GGGAATGGTGGTTTCA-1_contig_1,false,516,TRB,TRBV5-6,,TRBJ1-4,TRBC1,true,true,,,,,,,,,,,CASSLGGHEKLFF,TGTGCCAGCAGCTTGGGGGGACATGAAAAACTGTTTTTT,,,18544,1,,,
GGGACCTCACCCATTC-1,false,GGGACCTCACCCATTC-1_contig_1,false,489,TRB,TRBV20-1,TRBD1,TRBJ1-2,TRBC1,true,true,,,,,,,,,,,CSATGGYGYTF,TGCAGTGCTACAGGGGGCTATGGCTACACCTTC,,,17512,1,,,
GGGACCTGTCTTCAAG-1,false,GGGACCTGTCTTCAAG-1_contig_1,false,496,TRB,TRBV3-1,TRBD1,TRBJ1-1,TRBC1,true,true,,,,,,,,,,,CASSQATGGTEAFF,TGTGCCAGCAGCCAAGCGACAGGGGGCACTGAAGCTTTCTTT,,,72,1,,,
GGGACCTGTGTGTGCC-1,false,GGGACCTGTGTGTGCC-1_contig_1,false,556,TRA,TRAV19,,TRAJ8,TRAC,true,true,,,,,,,,,,,CALKGFQKLVF,TGTGCTCTGAAGGGCTTTCAGAAACTTGTATTT,,,23750,1,,,
GGGAGATTCAGGATCT-1,false,GGGAGATTCAGGATCT-1_contig_1,false,508,TRB,TRBV7-9,,TRBJ1-2,TRBC1,true,true,,,,,,,,,,,CASSFQGANYGYTF,TGTGCCAGCAGCTTCCAGGGGGCTAACTATGGCTACACCTTC,,,17816,1,,,
GGGATGACAAGCTGGA-1,false,GGGATGACAAGCTGGA-1_contig_1,false,547,TRB,TRBV5-6,,TRBJ1-4,TRBC1,true,true,,,,,,,,,,,CASSLGGHEKLFF,TGTGCCAGCAGCTTGGGGGGACATGAAAAACTGTTTTTT,,,13882,1,,,
GGGATGAGTGGCTCCA-1,false,GGGATGAGTGGCTCCA-1_contig_1,false,511,TRB,TRBV14,TRBD1,TRBJ2-6,TRBC2,true,true,,,,,,,,,,,CASSRTGGANVLTF,TGTGCCAGCAGCCGGACAGGGGGGGCCAACGTCCTGACTTTC,,,15656,1,,,
GGGATGATCTGTTGAG-1,false,GGGATGATCTGTTGAG-1_contig_1,false,335,TRA,TRAV8-1,,,TRAC,false,false,,,,,,,,,,,,,,,44,1,,,
GGGTCTGCACCGATAT-1,false,GGGTCTGCACCGATAT-1_contig_1,false,413,TRB,TRBV5-1,,TRBJ1-6,TRBC1,false,false,,,,,,,,,,,CASSLGGSPLHF,TGCGCCAGCAGCTTGGGGGGTTCACCCCTCCACTTT,,,360,1,,,
GGGTTGCCACAGATTC-1,false,GGGTTGCCACAGATTC-1_contig_1,false,507,TRA,TRAV27,,TRAJ40,TRAC,true,true,,,,,,,,,,,CAGASGTYKYIF,TGTGCAGGAGCCTCAGGAACCTACAAATACATCTTT,,,27008,1,,,
GGTATTGAGGCTCAGA-1,false,GGTATTGAGGCTCAGA-1_contig_1,false,497,TRA,TRAV2,,TRAJ15,TRAC,true,true,,,,,,,,,,,CAVENQAGTALIF,TGTGCTGTGGAGAACCAGGCAGGAACTGCTCTGATCTTT,,,29706,1,,,
GGTGAAGAGTACATGA-1,false,GGTGAAGAGTACATGA-1_contig_1,false,322,None,,,TRAJ44,TRAC,false,false,,,,,,,,,,,,,,,43400,1,,,
GGTGAAGAGTCTCGGC-1,false,GGTGAAGAGTCTCGGC-1_contig_1,false,502,TRB,TRBV6-5,,TRBJ2-1,TRBC2,true,true,,,,,,,,,,,CASSSSGGYNEQFF,TGTGCCAGCAGTTCTAGCGGGGGGTACAATGAGCAGTTCTTC,,,18782,1,,,
GTAACTGAGGTCATCT-1,false,GTAACTGAGGTCATCT-1_contig_1,false,487,TRB,TRBV5-6,,TRBJ1-4,TRBC1,true,true,,,,,,,,,,,CASSLGGHEKLFF,TGTGCCAGCAGCTTGGGGGGACATGAAAAACTGTTTTTT,,,42,1,,,
GTAACTGCAGACGCAA-1,false,GTAACTGCAGACGCAA-1_contig_1,false,487,TRB,TRBV5-6,,TRBJ1-4,TRBC1,true,true,,,,,,,,,,,CASSLGGHEKLFF,TGTGCCAGCAGCTTGGGGGGACATGAAAAACTGTTTTTT,,,18574,1,,,
GTACGTAGTCCATCCT-1,false,GTACGTAGTCCATCCT-1_contig_1,false,462,TRA,TRAV13-1,,TRAJ9,TRAC,true,true,,,,,,,,,,,CAASYQTGGFKTIF,TGTGCAGCAAGTTACCAAACTGGAGGCTTCAAAACTATCTTT,,,29672,1,,,
GTACGTAGTCCATCCT-1,false,GTACGTAGTCCATCCT-1_contig_2,false,499,TRB,TRBV12-4,,TRBJ2-7,TRBC2,true,true,,,,,,,,,,,CASSGGSSYEQYF,TGTGCCAGCAGTGGCGGGAGCTCCTACGAGCAGTACTTC,,,19208,1,,,
GTACTTTAGAAGAAGC-1,false,GTACTTTAGAAGAAGC-1_contig_1,false,495,TRB,TRBV4-1,TRBD1,TRBJ2-5,TRBC2,true,true,,,,,,,,,,,CASSDRGQETQYF,TGCGCCAGCAGCGACAGGGGGCAAGAGACCCAGTACTTC,,,19726,1,,,
GTATCTTAGTCGTACT-1,false,GTATCTTAGTCGTACT-1_contig_1,false,502,TRB,TRBV6-5,,TRBJ2-1,TRBC2,true,true,,,,,,,,,,,CASSSSGGYNEQFF,TGTGCCAGCAGTTCTAGCGGGGGGTACAATGAGCAGTTCTTC,,,13412,1,,,
GTATCTTCAATGAATG-1,false,GTATCTTCAATGAATG-1_contig_1,false,468,TRB,TRBV28,TRBD2,TRBJ2-7,TRBC2,true,true,,,,,,,,,,,CASSLWTSGSYEQYF,TGTGCCAGCAGTTTATGGACTAGCGGGAGCTACGAGCAGTACTTC,,,62,1,,,
GTATCTTGTGAGCGAT-1,true,GTATCTTGTGAGCGAT-1_contig_1,true,470,TRB,TRBV28,TRBD2,TRBJ2-7,TRBC2,true,true,DVKVTQSSRYLVKRTGEKVFLECVQD,GATGTGAAAGTAACCCAGAGCTCGAGATATCTAGTCAAAAGGACGGGAGAGAAAGTTTTTCTGGAATGTGTCCAGGAT,MDHEN,ATGGACCATGAAAAT,MFWYRQDPGLGLRLIYF,ATGTTCTGGTATCGACAAGACCCAGGTCTGGGGCTACGGCTGATCTATTTC,SYDVKM,TCATATGATGTTAAAATG,KEKGDIPEGYSVSREKKERFSLILESASTNQTSMYL,AAAGAAAAAGGAGATATTCCTGAGGGGTACAGTGTCTCTAGAGAGAAGAAGGAGCGCTTCTCCCTGATTCTGGAGTCCGCCAGCACCAACCAGACATCTATGTACCTC,CASSLWTSGSYEQYF,TGTGCCAGCAGTTTATGGACTAGCGGGAGCTACGAGCAGTACTTC,GPGTRLTVT,GGGCCGGGCACCAGGCTCACGGTCACAG,56436,23,clonotype18,clonotype18_consensus_1,1
GTATCTTGTGAGCGAT-1,true,GTATCTTGTGAGCGAT-1_contig_2,true,494,TRA,TRAV38-2/DV8,,TRAJ48,TRAC,true,true,AQTVTQSQPEMSVQEAETVTLSCTYD,GCTCAGACAGTCACTCAGTCTCAACCAGAGATGTCTGTGCAGGAGGCAGAGACCGTGACCCTGAGCTGCACATATGAC,TSESDYY,ACCAGTGAGAGTGATTATTAT,LFWYKQPPSRQMILVIR,TTATTCTGGTACAAGCAGCCTCCCAGCAGGCAGATGATTCTCGTTATTCGC,QEAYKQQN,CAAGAAGCTTATAAGCAACAGAAT,ATENRFSVNFQKAAKSFSLKISDSQLGDAAMYF,GCAACAGAGAATCGTTTCTCTGTGAACTTCCAGAAAGCAGCCAAATCCTTCAGTCTCAAGATCTCAGACTCACAGCTGGGGGATGCCGCGATGTATTTC,CAYRRGFGNEKLTF,TGTGCTTATAGGAGGGGCTTTGGAAATGAGAAATTAACCTTT,GTGTRLTIIP,GGGACTGGAACAAGACTCACCATCATACCCA,11458,3,clonotype18,clonotype18_consensus_3,1
GTATCTTGTGAGCGAT-1,true,GTATCTTGTGAGCGAT-1_contig_3,true,606,TRA,TRAV41,,TRAJ49,TRAC,true,true,KNEVEQSPQNLTAQEGEFITINCSYS,AAAAATGAAGTGGAGCAGAGTCCTCAGAACCTGACTGCCCAGGAAGGAGAATTTATCACAATCAACTGCAGTTACTCG,VGISA,GTAGGAATAAGTGCC,LHWLQQHPGGGIVSLFM,TTACACTGGCTGCAACAGCATCCAGGAGGAGGCATTGTTTCCTTGTTTATG,LSSGK,CTGAGCTCAGGGAAG,KKHGRLIATINIQEKHSSLHITASHPRDSAVYI,AAGAAGCATGGAAGATTAATTGCCACAATAAACATACAGGAAAAGCACAGCTCCCTGCACATCACAGCCTCCCATCCCAGAGACTCTGCCGTCTACATC,CAVTGNQFYF,TGTGCTGTGACCGGTAACCAGTTCTATTTT,GTGTSLTVIP,GGGACAGGGACAAGTTTGACGGTCATTCCAA,10184,3,clonotype18,clonotype18_consensus_2,1
GTATCTTGTTGGACCC-1,false,GTATCTTGTTGGACCC-1_contig_1,false,466,TRB,TRBV28,TRBD2,TRBJ2-7,TRBC2,true,true,,,,,,,,,,,CASSLWTSGSYEQYF,TGTGCCAGCAGTTTATGGACTAGCGGGAGCTACGAGCAGTACTTC,,,70,1,,,
GTATTCTCAGCTTAAC-1,false,GTATTCTCAGCTTAAC-1_contig_1,false,595,TRA,TRAV41,,TRAJ49,TRAC,true,true,,,,,,,,,,,CAVDGNQFYF,TGTGCTGTCGACGGTAACCAGTTCTATTTT,,,17046,2,,,
GTCACAAGTGTGGTTT-1,false,GTCACAAGTGTGGTTT-1_contig_1,true,300,None,,,TRBJ2-2P,TRBC2,false,false,,,,,,,,,,,,,,,34348,2,,,
GTCACAATCGGCTTGG-1,false,GTCACAATCGGCTTGG-1_contig_1,false,523,TRA,TRAV14/DV4,,TRAJ17,TRAC,true,true,,,,,,,,,,,CAMREGRTGNKLTF,TGTGCAATGAGAGAGGGCCGGACAGGCAACAAGCTAACTTTT,,,23532,1,,,
GTCATTTCAGGGCATA-1,false,GTCATTTCAGGGCATA-1_contig_1,false,507,TRB,TRBV6-4,,TRBJ1-2,TRBC1,true,true,,,,,,,,,,,CPRASRGANYGYTF,TGTCCCCGTGCCAGCCGGGGGGCTAACTATGGCTACACCTTC,,,32,4,,,
GTCATTTTCAGTGCAT-1,true,GTCATTTTCAGTGCAT-1_contig_1,true,517,TRB,TRBV6-4,,TRBJ1-2,TRBC1,true,true,IAGITQAPTSQILAAGRRMTLRCTQD,ATTGCTGGGATCACCCAGGCACCAACATCTCAGATCCTGGCAGCAGGACGGCGCATGACACTGAGATGTACCCAGGAT,MRHNA,ATGAGACATAATGCC,MYWYRQDLGLGLRLIHY,ATGTACTGGTATAGACAAGATCTAGGACTGGGGCTAAGGCTCATCCATTAT,SNTAGT,TCAAATACTGCAGGTACC,TGKGEVPDGYSVSRANTDDFPLTLASAVPSQTSVYF,ACTGGCAAAGGAGAAGTCCCTGATGGTTATAGTGTCTCCAGAGCAAACACAGATGATTTCCCCCTCACGTTGGCGTCTGCTGTACCCTCTCAGACATCTGTGTACTTC,CPRASRGANYGYTF,TGTCCCCGTGCCAGCCGGGGGGCTAACTATGGCTACACCTTC,GSGTRLTVV,GGTTCGGGGACCAGGTTAACCGTTGTAG,75612,9,clonotype15,clonotype15_consensus_1,1
GTCATTTTCAGTGCAT-1,true,GTCATTTTCAGTGCAT-1_contig_2,true,810,None,,,TRBJ1-3,,false,false,,,,,,,,,,,,,,,138,1,,,
GTCGGGTTCTTACCTA-1,false,GTCGGGTTCTTACCTA-1_contig_1,false,475,TRB,TRBV5-6,,TRBJ1-4,TRBC1,true,true,,,,,,,,,,,CASSLGGHEKLFF,TGTGCCAGCAGCTTGGGGGGACATGAAAAACTGTTTTTT,,,84,1,,,
GTCGTAAAGGAGTTGC-1,false,GTCGTAAAGGAGTTGC-1_contig_1,false,498,TRB,TRBV7-9,,TRBJ2-4,TRBC2,true,true,,,,,,,,,,,CASSLQGQNIQYF,TGTGCCAGCAGCTTACAGGGCCAAAACATTCAGTACTTC,,,30,1,,,
GTCTCGTCAGATCTGT-1,false,GTCTCGTCAGATCTGT-1_contig_1,false,504,TRB,TRBV12-4,,TRBJ2-7,TRBC2,true,true,,,,,,,,,,,CASSLRGGSYEQYF,TGTGCCAGCAGTTTGCGGGGGGGCTCCTACGAGCAGTACTTC,,,17654,1,,,
GTCTTCGAGTGTTTGC-1,false,GTCTTCGAGTGTTTGC-1_contig_1,false,483,TRA,TRAV2,,TRAJ37,TRAC,true,true,,,,,,,,,,,CAVDRGSSNTGKLIF,TGTGCTGTGGACCGTGGCTCTAGCAACACAGGCAAACTAATCTTT,,,23112,1,,,
GTCTTCGCACACATGT-1,true,GTCTTCGCACACATGT-1_contig_1,true,510,TRB,TRBV7-9,,TRBJ2-4,TRBC2,true,true,DTGVSQDPRHKITKRGQNVTFRCDPI,GATACTGGAGTCTCCCAGGACCCCAGACACAAGATCACAAAGAGGGGACAGAATGTAACTTTCAGGTGTGATCCAATT,SEHNR,TCTGAACACAACCGC,LYWYRQTLGQGPEFLTY,CTTTATTGGTACCGACAGACCCTGGGGCAGGGCCCAGAGTTTCTGACTTAC,FQNEAQ,TTCCAGAATGAAGCTCAA,LEKSRLLSDRFSAERPKGSFSTLEIQRTEQGDSAMYL,CTAGAAAAATCAAGGCTGCTCAGTGATCGGTTCTCTGCAGAGAGGCCTAAGGGATCTTTCTCCACCTTGGAGATCCAGCGCACAGAGCAGGGGGACTCGGCCATGTATCTC,CASSLQGQNIQYF,TGTGCCAGCAGCTTACAGGGCCAAAACATTCAGTACTTC,GAGTRLSVL,GGCGCCGGGACCCGGCTCTCAGTGCTGG,60310,12,clonotype16,clonotype16_consensus_1,1
GTCTTCGCACACATGT-1,true,GTCTTCGCACACATGT-1_contig_2,true,660,None,,,TRBJ1-4,TRBC1,false,false,,,,,,,,,,,,,,,18636,6,,,
GTGAAGGCAGCTTAAC-1,false,GTGAAGGCAGCTTAAC-1_contig_1,false,465,TRB,TRBV28,TRBD2,TRBJ2-7,TRBC2,true,true,,,,,,,,,,,CASSLWTSGSYEQYF,TGTGCCAGCAGTTTATGGACTAGCGGGAGCTACGAGCAGTACTTC,,,44,1,,,
GTGAAGGTCCTATGTT-1,false,GTGAAGGTCCTATGTT-1_contig_1,false,459,TRA,TRAV10,,TRAJ18,TRAC,true,false,,,,,,,,,,,CVVSDRGSTLGRLYF,TGTGTGGTGAGCGACAGAGGCTCAACCCTGGGGAGGCTATACTTT,,,24520,1,,,
GTGCAGCGTACTTAGC-1,false,GTGCAGCGTACTTAGC-1_contig_1,false,462,TRB,TRBV9,,TRBJ2-1,TRBC2,true,true,,,,,,,,,,,CASSGTSGAYNEQFF,TGTGCCAGCAGCGGGACTAGCGGAGCCTACAATGAGCAGTTCTTC,,,72,1,,,
GTGCATAAGGCCGAAT-1,false,GTGCATAAGGCCGAAT-1_contig_1,false,477,TRB,TRBV5-1,,TRBJ1-2,TRBC1,true,false,,,,,,,,,,,,,,,28066,1,,,
GTGCATACAAACCTAC-1,false,GTGCATACAAACCTAC-1_contig_1,true,564,TRB,TRBV11-2,TRBD1,TRBJ1-2,TRBC1,true,false,,,,,,,,,,,CQQPPDRGYYGYTF,TGCCAGCAGCCTCCGGACAGGGGGTACTATGGCTACACCTTC,,,57818,5,,,
GTGCGGTGTAAGTTCC-1,false,GTGCGGTGTAAGTTCC-1_contig_1,false,677,TRA,TRAV8-3,,TRAJ10,TRAC,true,true,,,,,,,,,,,CAVGAGGGNKLTF,TGTGCTGTGGGTGCGGGAGGAGGAAACAAACTCACCTTT,,,30,1,,,
GTGCTTCGTGCATCTA-1,false,GTGCTTCGTGCATCTA-1_contig_1,false,576,TRA,TRAV8-4,,TRAJ37,TRAC,true,true,,,,,,,,,,,CAVSDYGSSNTGKLIF,TGTGCTGTGAGTGATTATGGCTCTAGCAACACAGGCAAACTAATCTTT,,,15142,1,,,
GTGCTTCTCAGGTTCA-1,false,GTGCTTCTCAGGTTCA-1_contig_1,false,511,TRB,TRBV14,TRBD1,TRBJ2-6,TRBC2,true,true,,,,,,,,,,,CASSRTGGANVLTF,TGTGCCAGCAGCCGGACAGGGGGGGCCAACGTCCTGACTTTC,,,17962,1,,,
GTGGGTCAGCCAGTTT-1,false,GTGGGTCAGCCAGTTT-1_contig_1,false,544,TRA,TRAV5,,TRAJ3,TRAC,true,true,,,,,,,,,,,CAERGWSSASKIIF,TGTGCAGAGAGGGGTTGGAGCAGTGCTTCCAAGATAATCTTT,,,29632,1,,,
GTTACAGTCATATCGG-1,false,GTTACAGTCATATCGG-1_contig_1,false,448,None,,,TRAJ12,TRAC,false,false,,,,,,,,,,,,,,,19834,1,,,
GTTCATTTCGATGAGG-1,false,GTTCATTTCGATGAGG-1_contig_1,false,487,TRB,TRBV5-6,,TRBJ1-4,TRBC1,true,true,,,,,,,,,,,CASSLGGHEKLFF,TGTGCCAGCAGCTTGGGGGGACATGAAAAACTGTTTTTT,,,3656,1,,,
GTTCGGGAGCTAGTTC-1,false,GTTCGGGAGCTAGTTC-1_contig_1,false,486,TRB,TRBV9,,TRBJ2-1,TRBC2,true,true,,,,,,,,,,,CASSGTSGAYNEQFF,TGTGCCAGCAGCGGGACTAGCGGAGCCTACAATGAGCAGTTCTTC,,,21174,1,,,
GTTCTCGCAATCCAAC-1,false,GTTCTCGCAATCCAAC-1_contig_1,true,402,None,,,TRBJ2-1,TRBC2,false,false,,,,,,,,,,,,,,,57976,4,,,
GTTCTCGCACACATGT-1,false,GTTCTCGCACACATGT-1_contig_1,false,499,TRB,TRBV7-9,,TRBJ2-4,TRBC2,true,true,,,,,,,,,,,CASSLQGQNIQYF,TGTGCCAGCAGCTTACAGGGCCAAAACATTCAGTACTTC,,,66,1,,,
GTTCTCGGTCCGTGAC-1,false,GTTCTCGGTCCGTGAC-1_contig_1,false,484,TRB,TRBV4-3,,TRBJ2-7,TRBC2,true,true,,,,,,,,,,,CASSQGTSGDSYEQYF,TGCGCCAGCAGCCAAGGGACTAGCGGGGACTCCTACGAGCAGTACTTC,,,19166,1,,,
GTTTCTATCGCAAGCC-1,false,GTTTCTATCGCAAGCC-1_contig_1,false,515,None,,,TRBJ1-4,TRBC1,false,false,,,,,,,,,,,,,,,11438,1,,,
TAAACCGGTAGCTAAA-1,false,TAAACCGGTAGCTAAA-1_contig_1,false,315,None,,,TRBJ2-2P,TRBC2,false,false,,,,,,,,,,,,,,,24048,1,,,
TAAGAGAAGCTGTCTA-1,false,TAAGAGAAGCTGTCTA-1_contig_1,false,523,TRA,TRAV14/DV4,,TRAJ17,TRAC,true,true,,,,,,,,,,,CAMREGRTGNKLTF,TGTGCAATGAGAGAGGGCCGGACAGGCAACAAGCTAACTTTT,,,21316,1,,,
TAAGAGACAACGATGG-1,false,TAAGAGACAACGATGG-1_contig_1,false,496,TRB,TRBV6-5,,TRBJ1-2,TRBC1,true,true,,,,,,,,,,,CASSYNRGYGYTF,TGTGCCAGCAGTTACAACAGGGGGTATGGCTACACCTTC,,,22236,1,,,
TAAGTGCAGTGACTCT-1,false,TAAGTGCAGTGACTCT-1_contig_1,false,516,TRB,TRBV5-6,,TRBJ1-4,TRBC1,true,true,,,,,,,,,,,CASSLGGHEKLFF,TGTGCCAGCAGCTTGGGGGGACATGAAAAACTGTTTTTT,,,22952,1,,,
TAAGTGCTCAGGTTCA-1,false,TAAGTGCTCAGGTTCA-1_contig_1,false,512,TRB,TRBV20-1,TRBD1,TRBJ1-2,TRBC1,true,true,,,,,,,,,,,CSATGGYGYTF,TGCAGTGCTACAGGGGGCTATGGCTACACCTTC,,,14198,1,,,
TACAGTGAGCCAGTAG-1,false,TACAGTGAGCCAGTAG-1_contig_1,false,309,None,,,TRBJ2-2P,TRBC2,false,false,,,,,,,,,,,,,,,21986,1,,,
TACAGTGCAAGCGTAG-1,false,TACAGTGCAAGCGTAG-1_contig_1,false,340,None,,,TRBJ2-5,TRBC2,false,false,,,,,,,,,,,,,,,25130,1,,,
TACCTTAGTTCACGGC-1,false,TACCTTAGTTCACGGC-1_contig_1,false,511,TRB,TRBV14,TRBD1,TRBJ2-6,TRBC2,true,true,,,,,,,,,,,CASSRTGGANVLTF,TGTGCCAGCAGCCGGACAGGGGGGGCCAACGTCCTGACTTTC,,,15418,1,,,
TACGGATGTCGCGAAA-1,false,TACGGATGTCGCGAAA-1_contig_1,false,511,TRB,TRBV14,TRBD1,TRBJ2-6,TRBC2,true,true,,,,,,,,,,,CASSRTGGANVLTF,TGTGCCAGCAGCCGGACAGGGGGGGCCAACGTCCTGACTTTC,,,21530,1,,,
TACGGGCAGTGTTGAA-1,false,TACGGGCAGTGTTGAA-1_contig_1,false,475,TRB,TRBV5-6,,TRBJ1-4,TRBC1,true,true,,,,,,,,,,,CASSLGGHEKLFF,TGTGCCAGCAGCTTGGGGGGACATGAAAAACTGTTTTTT,,,20808,1,,,
TACGGGCTCGTCCAGG-1,false,TACGGGCTCGTCCAGG-1_contig_1,false,487,TRB,TRBV5-6,,TRBJ1-4,TRBC1,true,true,,,,,,,,,,,CASSLGGHEKLFF,TGTGCCAGCAGCTTGGGGGGACATGAAAAACTGTTTTTT,,,22866,1,,,
TACTCGCCACGCGAAA-1,false,TACTCGCCACGCGAAA-1_contig_1,false,739,TRA,TRAV8-3,,TRAJ10,TRAC,true,true,,,,,,,,,,,CAVGAGGGNKLTF,TGTGCTGTGGGTGCGGGAGGAGGAAACAAACTCACCTTT,,,16756,1,,,
TACTCGCGTTAAAGAC-1,false,TACTCGCGTTAAAGAC-1_contig_1,false,473,TRB,TRBV10-3,TRBD1,TRBJ2-2,TRBC2,true,true,,,,,,,,,,,CAIRDRANTGELFF,TGTGCCATCAGGGACAGGGCGAACACCGGGGAGCTGTTTTTT,,,736,1,,,
TACTTACCAGACTCGC-1,false,TACTTACCAGACTCGC-1_contig_1,false,499,TRB,TRBV9,,TRBJ2-7,TRBC2,true,true,,,,,,,,,,,CASSVGLAGSYEQYF,TGTGCCAGCAGCGTAGGACTAGCGGGCTCCTACGAGCAGTACTTC,,,17708,1,,,
TACTTGTTCAACACAC-1,false,TACTTGTTCAACACAC-1_contig_1,false,472,None,,,TRBJ1-5,TRBC1,false,false,,,,,,,,,,,,,,,22228,1,,,
TAGACCAGTAGCTCCG-1,true,TAGACCAGTAGCTCCG-1_contig_1,true,502,TRB,TRBV9,TRBD1,TRBJ2-1,TRBC2,true,true,DSGVTQTPKHLITATGQRVTLRCSPR,GATTCTGGAGTCACACAAACCCCAAAGCACCTGATCACAGCAACTGGACAGCGAGTGACGCTGAGATGCTCCCCTAGG,SGDLS,TCTGGAGACCTCTCT,VYWYQQSLDQGLQFLIQ,GTGTACTGGTACCAACAGAGCCTGGACCAGGGCCTCCAGTTCCTCATTCAG,YYNGEE,TATTATAATGGAGAAGAG,RAKGNILERFSAQQFPDLHSELNLSSLELGDSALYF,AGAGCAAAAGGAAACATTCTTGAACGATTCTCCGCACAACAGTTCCCTGACTTGCACTCTGAACTAAACCTGAGCTCTCTGGAGCTGGGGGACTCAGCTTTGTATTTC,CASSVGTGGAYNEQFF,TGTGCCAGCAGCGTAGGGACAGGGGGCGCCTACAATGAGCAGTTCTTC,GPGTRLTVL,GGGCCAGGGACACGGCTCACCGTGCTAG,54250,11,clonotype21,clonotype21_consensus_1,1
TAGACCAGTAGCTCCG-1,true,TAGACCAGTAGCTCCG-1_contig_2,true,521,TRD,TRDV1,,TRAJ32,TRAC,true,false,,,,,,,,,,,CALGELRYGGATNKLIF,TGTGCTCTTGGGGAACTTCGGTATGGTGGTGCTACAAACAAGCTCATCTTT,,,17340,3,,,
TAGACCAGTCTCACCT-1,false,TAGACCAGTCTCACCT-1_contig_1,false,482,TRA,TRAV21,,TRAJ10,TRAC,true,true,,,,,,,,,,,CAVTGGGNKLTF,TGTGCTGTGACGGGAGGAGGAAACAAACTCACCTTT,,,26914,2,,,
TAGAGCTGTCCCTTGT-1,false,TAGAGCTGTCCCTTGT-1_contig_1,false,511,TRB,TRBV14,TRBD1,TRBJ2-6,TRBC2,true,true,,,,,,,,,,,CASSRTGGANVLTF,TGTGCCAGCAGCCGGACAGGGGGGGCCAACGTCCTGACTTTC,,,16186,1,,,
TAGGCATGTAGGGACT-1,false,TAGGCATGTAGGGACT-1_contig_1,false,586,TRA,TRAV8-3,,TRAJ10,TRAC,true,true,,,,,,,,,,,CAVGAGGGNKLTF,TGTGCTGTGGGTGCGGGAGGAGGAAACAAACTCACCTTT,,,19730,1,,,
TAGTGGTTCGGTGTTA-1,false,TAGTGGTTCGGTGTTA-1_contig_1,true,300,None,,,TRBJ2-2P,TRBC2,false,false,,,,,,,,,,,,,,,13442,1,,,
TAGTGGTTCGGTGTTA-1,false,TAGTGGTTCGGTGTTA-1_contig_2,true,397,None,,,TRBJ2-3,TRBC2,false,false,,,,,,,,,,,,,,,21274,1,,,
TAGTGGTTCGGTGTTA-1,false,TAGTGGTTCGGTGTTA-1_contig_3,true,379,None,,,TRBJ1-3,TRBC1,false,false,,,,,,,,,,,,,,,34350,4,,,
TAGTGGTTCTTTAGTC-1,false,TAGTGGTTCTTTAGTC-1_contig_1,false,487,TRB,TRBV5-6,,TRBJ1-4,TRBC1,true,true,,,,,,,,,,,CASSLGGHEKLFF,TGTGCCAGCAGCTTGGGGGGACATGAAAAACTGTTTTTT,,,12538,1,,,
TAGTTGGAGACAGGCT-1,false,TAGTTGGAGACAGGCT-1_contig_1,false,496,TRB,TRBV3-1,TRBD1,TRBJ1-1,TRBC1,true,true,,,,,,,,,,,CASSQATGGTEAFF,TGTGCCAGCAGCCAAGCGACAGGGGGCACTGAAGCTTTCTTT,,,19042,1,,,
TAGTTGGGTCCGTCAG-1,false,TAGTTGGGTCCGTCAG-1_contig_1,false,499,TRA,TRAV13-2,,TRAJ21,TRAC,true,true,,,,,,,,,,,CAENIRYNFNKFYF,TGTGCAGAGAATATCCGATACAACTTCAACAAATTTTACTTT,,,15516,1,,,
TATCAGGAGAAGGTGA-1,false,TATCAGGAGAAGGTGA-1_contig_1,false,487,TRB,TRBV5-6,,TRBJ1-4,TRBC1,true,true,,,,,,,,,,,CASSLGGHEKLFF,TGTGCCAGCAGCTTGGGGGGACATGAAAAACTGTTTTTT,,,180,2,,,
TATCAGGCATCTACGA-1,false,TATCAGGCATCTACGA-1_contig_1,false,390,None,,,TRBJ2-3,TRBC2,false,false,,,,,,,,,,,,,,,13346,1,,,
TATCTCACATTATCTC-1,false,TATCTCACATTATCTC-1_contig_1,false,342,TRB,TRBV6-2,,,,false,false,,,,,,,,,,,,,,,32,1,,,
TATGCCCAGCCACTAT-1,false,TATGCCCAGCCACTAT-1_contig_1,false,501,TRA,TRAV21,,TRAJ10,TRAC,true,true,,,,,,,,,,,CAVTGGGNKLTF,TGTGCTGTGACGGGAGGAGGAAACAAACTCACCTTT,,,25418,1,,,
TATTACCAGCGTAGTG-1,false,TATTACCAGCGTAGTG-1_contig_1,false,467,None,,,TRBJ1-5,TRBC1,false,false,,,,,,,,,,,,,,,15568,1,,,
TCAATCTAGTATCTCG-1,false,TCAATCTAGTATCTCG-1_contig_1,false,490,TRA,TRAV29/DV5,,TRAJ32,TRAC,true,true,,,,,,,,,,,CAASGGATNKLIF,TGTGCAGCAAGCGGTGGTGCTACAAACAAGCTCATCTTT,,,21862,1,,,
TCAATCTAGTATCTCG-1,false,TCAATCTAGTATCTCG-1_contig_2,false,492,TRB,TRBV18,TRBD1,TRBJ1-2,TRBC1,true,true,,,,,,,,,,,CASSPTGGYGYTF,TGTGCCAGCTCACCGACAGGGGGCTATGGCTACACCTTC,,,11966,1,,,
TCAATCTCAGATCTGT-1,false,TCAATCTCAGATCTGT-1_contig_1,false,511,TRA,TRAV23/DV6,,TRAJ56,TRAC,true,true,,,,,,,,,,,CAASLTGANSKLTF,TGTGCAGCAAGCCTTACTGGAGCCAATAGTAAGCTGACATTT,,,21100,1,,,
TCAATCTGTCTGCGGT-1,false,TCAATCTGTCTGCGGT-1_contig_1,true,470,TRB,TRBV7-9,,TRBJ2-7,TRBC2,true,true,,,,,,,,,,,CASSLLAGEQYF,TGTGCCAGCAGCTTACTAGCGGGAGAGCAGTACTTC,,,612,21,,,
TCAGATGTCCCTAACC-1,false,TCAGATGTCCCTAACC-1_contig_1,false,510,TRB,TRBV12-3,,TRBJ2-4,TRBC2,true,true,,,,,,,,,,,CASSLGSGRRENIQYF,TGTGCCAGCAGTTTAGGTAGCGGGAGGCGGGAGAACATTCAGTACTTC,,,88,1,,,
TCAGCAACACTTAACG-1,false,TCAGCAACACTTAACG-1_contig_1,false,480,None,,,TRBJ1-5,TRBC1,false,false,,,,,,,,,,,,,,,94,1,,,
TCAGCAACAGACGCAA-1,false,TCAGCAACAGACGCAA-1_contig_1,false,462,TRB,TRBV4-1,TRBD1,TRBJ2-5,TRBC2,true,true,,,,,,,,,,,CASSDRGQETQYF,TGCGCCAGCAGCGACAGGGGGCAAGAGACCCAGTACTTC,,,40,1,,,
TCAGGATAGAAGATTC-1,true,TCAGGATAGAAGATTC-1_contig_1,true,499,TRA,TRAV21,,TRAJ52,TRAC,true,true,KQEVTQIPAALSVPEGENLVLNCSFT,AAACAGGAGGTGACACAGATTCCTGCAGCTCTGAGTGTCCCAGAAGGAGAAAACTTGGTTCTCAACTGCAGTTTCACT,DSAIYN,GATAGCGCTATTTACAAC,LQWFRQDPGKGLTSLLL,CTCCAGTGGTTTAGGCAGGACCCTGGGAAAGGTCTCACATCTCTGTTGCTT,IQSSQRE,ATTCAGTCAAGTCAGAGAGAG,QTSGRLNASLDKSSGRSTLYIAASQPGDSATYL,CAAACAAGTGGAAGACTTAATGCCTCGCTGGATAAATCATCAGGACGTAGTACTTTATACATTGCAGCTTCTCAGCCTGGTGACTCAGCCACCTACCTC,CAVITSYGKLTF,TGTGCTGTGATTACTAGCTATGGAAAGCTGACATTT,GQGTILTVHP,GGACAAGGGACCATCTTGACTGTCCATCCAA,43766,4,clonotype12,clonotype12_consensus_2,1
TCAGGATAGAAGATTC-1,true,TCAGGATAGAAGATTC-1_contig_2,true,642,TRB,TRBV19,,TRBJ1-1,TRBC1,true,true,DGGITQSPKYLFRKEGQNVTLSCEQN,GATGGTGGAATCACTCAGTCCCCGAAGTACCTGTTCAGAAAGGAAGGACAGAATGTGACCCTGAGTTGTGAACAGAAT,LNHDA,TTGAACCACGATGCC,MYWYRQDPGQGLRLIYY,ATGTACTGGTACCGACAGGACCCAGGGCAAGGGCTGAGATTGATCTACTAC,SQIVND,TCACAGATAGTAAATGAC,FQKGDIAEGYSVSREKKESFPLTVTSAQKNPTAFYL,TTTCAGAAAGGAGATATAGCTGAAGGGTACAGCGTCTCTCGGGAGAAGAAGGAATCCTTTCCTCTCACTGTGACATCGGCCCAAAAGAACCCGACAGCTTTCTATCTC,CASSMGGNTEAFF,TGTGCCAGTAGTATGGGGGGGAACACTGAAGCTTTCTTT,GQGTRLTVV,GGACAAGGCACCAGACTCACAGTTGTAG,4790,1,clonotype12,clonotype12_consensus_1,1
TCAGGATAGAAGATTC-1,true,TCAGGATAGAAGATTC-1_contig_3,true,466,TRB,TRBV10-3,,TRBJ2-3,TRBC2,true,false,,,,,,,,,,,,,,,28594,3,,,
TCAGGTACATGGAATA-1,false,TCAGGTACATGGAATA-1_contig_1,false,509,None,,,TRBJ1-5,TRBC1,false,false,,,,,,,,,,,,,,,24214,1,,,
TCAGGTAGTACGAAAT-1,false,TCAGGTAGTACGAAAT-1_contig_1,false,470,TRB,TRBV4-1,TRBD1,TRBJ2-5,TRBC2,true,true,,,,,,,,,,,CASSDRGQETQYF,TGCGCCAGCAGCGACAGGGGGCAAGAGACCCAGTACTTC,,,20950,1,,,
TCATTACCACGACTCG-1,false,TCATTACCACGACTCG-1_contig_1,true,663,None,,,TRAJ52,TRAC,false,false,,,,,,,,,,,,,,,326,115,,,
TCATTACCATGCCTAA-1,false,TCATTACCATGCCTAA-1_contig_1,false,576,TRA,TRAV8-4,,TRAJ37,TRAC,true,true,,,,,,,,,,,CAVSDYGSSNTGKLIF,TGTGCTGTGAGTGATTATGGCTCTAGCAACACAGGCAAACTAATCTTT,,,17394,1,,,
TCATTTGGTCATATGC-1,false,TCATTTGGTCATATGC-1_contig_1,false,463,TRB,TRBV5-5,,TRBJ2-4,,true,true,,,,,,,,,,,CASSLQGQNIQYF,TGTGCCAGCAGCTTACAGGGCCAAAACATTCAGTACTTC,,,28,5,,,
TCATTTGTCCCTAACC-1,false,TCATTTGTCCCTAACC-1_contig_1,false,510,TRB,TRBV12-3,,TRBJ2-4,TRBC2,true,true,,,,,,,,,,,CASSLGSGRRENIQYF,TGTGCCAGCAGTTTAGGTAGCGGGAGGCGGGAGAACATTCAGTACTTC,,,14996,1,,,
TCGCGTTTCAAGGCTT-1,false,TCGCGTTTCAAGGCTT-1_contig_1,false,484,TRB,TRBV4-1,,TRBJ1-6,TRBC1,true,true,,,,,,,,,,,CASSQDGGTGNSPLHF,TGCGCCAGCAGCCAAGATGGAGGGACAGGGAATTCACCCCTCCACTTT,,,20330,1,,,
TCGCGTTTCATGCAAC-1,false,TCGCGTTTCATGCAAC-1_contig_1,false,323,None,,,TRAJ49,TRAC,false,false,,,,,,,,,,,,,,,52,1,,,
TCGCGTTTCCAACCAA-1,false,TCGCGTTTCCAACCAA-1_contig_1,false,511,TRB,TRBV7-8,TRBD2,TRBJ2-1,TRBC2,true,true,,,,,,,,,,,CASSLVELAGGSEQFF,TGTGCCAGCAGCTTAGTGGAGCTAGCGGGAGGCTCTGAGCAGTTCTTC,,,20,1,,,
TCGGTAACAGCCTTTC-1,false,TCGGTAACAGCCTTTC-1_contig_1,false,481,TRB,TRBV12-3,,TRBJ2-2,TRBC2,true,true,,,,,,,,,,,CASSLREGGELFF,TGTGCCAGCAGTTTGCGGGAGGGCGGGGAGCTGTTTTTT,,,44,1,,,
TCGGTAACATGCCTAA-1,false,TCGGTAACATGCCTAA-1_contig_1,false,514,TRA,TRAV20,,TRAJ28,TRAC,true,true,,,,,,,,,,,CAVQADSGAGSYQLTF,TGTGCTGTGCAGGCCGACTCTGGGGCTGGGAGTTACCAACTCACTTTC,,,362,1,,,
TCGTACCCAAAGTCAA-1,false,TCGTACCCAAAGTCAA-1_contig_1,false,332,None,,,TRAJ49,TRAC,false,false,,,,,,,,,,,,,,,53080,1,,,
TCGTACCCATTCTTAC-1,false,TCGTACCCATTCTTAC-1_contig_1,false,510,TRB,TRBV12-3,,TRBJ2-4,TRBC2,true,true,,,,,,,,,,,CASSLGSGRRENIQYF,TGTGCCAGCAGTTTAGGTAGCGGGAGGCGGGAGAACATTCAGTACTTC,,,21696,1,,,
TCGTACCGTCAATACC-1,false,TCGTACCGTCAATACC-1_contig_1,true,306,None,,,TRBJ2-2P,TRBC2,false,false,,,,,,,,,,,,,,,76970,4,,,
TCTATTGTCGCTTGTC-1,false,TCTATTGTCGCTTGTC-1_contig_1,false,521,TRB,TRBV6-5,,TRBJ1-3,TRBC1,true,true,,,,,,,,,,,CASSYSEFYSGNTIYF,TGTGCCAGCAGTTACTCGGAGTTCTACTCTGGAAACACCATATATTTT,,,15982,1,,,
TCTCTAACACGGTGTC-1,false,TCTCTAACACGGTGTC-1_contig_1,false,464,TRA,TRAV13-1,,TRAJ23,TRAC,true,false,,,,,,,,,,,CSRRRDNQGGKLIF,TGCAGCCGCCGGCGTGATAACCAGGGAGGAAAGCTTATCTTC,,,17760,1,,,
TCTCTAATCGCACTCT-1,false,TCTCTAATCGCACTCT-1_contig_1,false,511,TRB,TRBV14,TRBD1,TRBJ2-6,TRBC2,true,true,,,,,,,,,,,CASSRTGGANVLTF,TGTGCCAGCAGCCGGACAGGGGGGGCCAACGTCCTGACTTTC,,,52,1,,,
TCTGAGAGTAATTGGA-1,false,TCTGAGAGTAATTGGA-1_contig_1,true,390,None,,,TRBJ2-4,TRBC2,false,false,,,,,,,,,,,,,,,62516,16,,,
TCTGAGAGTCATCGGC-1,false,TCTGAGAGTCATCGGC-1_contig_1,false,653,TRA,TRAV8-3,,TRAJ32,TRAC,true,true,,,,,,,,,,,CAVVNYGGATNKLIF,TGTGCTGTGGTGAATTATGGTGGTGCTACAAACAAGCTCATCTTT,,,19352,1,,,
TCTGAGAGTGCACCAC-1,true,TCTGAGAGTGCACCAC-1_contig_1,true,516,TRB,TRBV12-5,,TRBJ1-4,TRBC1,true,true,DARVTQTPRHKVTEMGQEVTMRCQPI,GATGCTAGAGTCACCCAGACACCAAGGCACAAGGTGACAGAGATGGGACAAGAAGTAACAATGAGATGTCAGCCAATT,LGHNT,TTAGGCCACAATACT,VFWYRQTMMQGLELLAY,GTTTTCTGGTACAGACAGACCATGATGCAAGGACTGGAGTTGCTGGCTTAC,FRNRAP,TTCCGCAACCGGGCTCCT,LDDSGMPKDRFSAEMPDATLATLKIQPSEPRDSAVYF,CTAGATGATTCGGGGATGCCGAAGGATCGATTCTCAGCAGAGATGCCTGATGCAACTTTAGCCACTCTGAAGATCCAGCCCTCAGAACCCAGGGACTCAGCTGTGTATTTT,CASGYRTTNEKLFF,TGTGCTAGTGGTTACAGAACAACTAATGAAAAACTGTTTTTT,GSGTQLSVL,GGCAGTGGAACCCAGCTCTCTGTCTTGG,41570,13,clonotype20,clonotype20_consensus_1,1
TCTGAGAGTGCACCAC-1,true,TCTGAGAGTGCACCAC-1_contig_2,true,573,TRA,TRAV8-4,,TRAJ6,TRAC,true,true,AQSVTQLGSHVSVSEGALVLLRCNYS,GCCCAGTCGGTGACCCAGCTTGGCAGCCACGTCTCTGTCTCTGAAGGAGCCCTGGTTCTGCTGAGGTGCAACTACTCA,SSVPPY,TCGTCTGTTCCACCATAT,LFWYVQYPNQGLQLLLK,CTCTTCTGGTATGTGCAATACCCCAACCAAGGACTCCAGCTTCTCCTGAAG,YTSAATLV,TACACATCAGCGGCCACCCTGGTT,KGINGFEAEFKKSETSFHLTKPSAHMSDAAEYF,AAAGGCATCAACGGTTTTGAGGCTGAATTTAAGAAGAGTGAAACCTCCTTCCACCTGACGAAACCCTCAGCCCATATGAGCGACGCGGCTGAGTACTTC,CAVTHASGGSYIPTF,TGTGCTGTGACCCATGCATCAGGAGGAAGCTACATACCTACATTT,GRGTSLIVHP,GGAAGAGGAACCAGCCTTATTGTTCATCCGT,28620,8,clonotype20,clonotype20_consensus_2,1
TCTGAGAGTGCACCAC-1,true,TCTGAGAGTGCACCAC-1_contig_3,true,471,TRA,TRAV12-1,,TRAJ26,,true,false,,,,,,,,,,,CGVHNYGQNFVF,TGTGGTGTCCATAACTATGGTCAGAATTTTGTCTTT,,,4486,1,,,
TCTGGAAAGTCAATAG-1,false,TCTGGAAAGTCAATAG-1_contig_1,false,511,TRB,TRBV14,TRBD1,TRBJ2-6,TRBC2,true,true,,,,,,,,,,,CASSRTGGANVLTF,TGTGCCAGCAGCCGGACAGGGGGGGCCAACGTCCTGACTTTC,,,17626,1,,,
TCTGGAACATGCCTAA-1,false,TCTGGAACATGCCTAA-1_contig_1,false,514,TRA,TRAV20,,TRAJ28,TRAC,true,true,,,,,,,,,,,CAVQADSGAGSYQLTF,TGTGCTGTGCAGGCCGACTCTGGGGCTGGGAGTTACCAACTCACTTTC,,,188,1,,,
TCTGGAAGTTAAAGAC-1,false,TCTGGAAGTTAAAGAC-1_contig_1,false,504,TRB,TRBV12-3,,TRBJ2-3,TRBC2,true,true,,,,,,,,,,,CASSLLGRTDTQYF,TGTGCCAGCAGTTTACTGGGCCGCACAGATACGCAGTATTTT,,,19226,1,,,
TGACAACCACACCGAC-1,false,TGACAACCACACCGAC-1_contig_1,false,476,TRB,TRBV20-1,TRBD1,TRBJ1-2,TRBC1,true,true,,,,,,,,,,,CSATGGYGYTF,TGCAGTGCTACAGGGGGCTATGGCTACACCTTC,,,82,1,,,
TGACGGCTCAGCTCTC-1,false,TGACGGCTCAGCTCTC-1_contig_1,false,511,TRB,TRBV14,TRBD1,TRBJ2-6,TRBC2,true,true,,,,,,,,,,,CASSRTGGANVLTF,TGTGCCAGCAGCCGGACAGGGGGGGCCAACGTCCTGACTTTC,,,13362,1,,,
TGACTAGAGCTAACTC-1,false,TGACTAGAGCTAACTC-1_contig_1,false,520,TRB,TRBV12-3,,TRBJ2-4,TRBC2,true,true,,,,,,,,,,,CASSLGSGRRENIQYF,TGTGCCAGCAGTTTAGGTAGCGGGAGGCGGGAGAACATTCAGTACTTC,,,26224,1,,,
TGACTTTAGTACACCT-1,false,TGACTTTAGTACACCT-1_contig_1,false,395,None,,,TRBJ1-5,TRBC1,false,false,,,,,,,,,,,,,,,22,5,,,
TGAGCATAGCGATCCC-1,false,TGAGCATAGCGATCCC-1_contig_1,false,487,TRB,TRBV5-6,,TRBJ1-4,TRBC1,true,true,,,,,,,,,,,CASSLGGHEKLFF,TGTGCCAGCAGCTTGGGGGGACATGAAAAACTGTTTTTT,,,18324,1,,,
TGAGCATTCAGCGATT-1,false,TGAGCATTCAGCGATT-1_contig_1,false,475,TRB,TRBV5-6,,TRBJ1-4,TRBC1,true,true,,,,,,,,,,,CASSLGGHEKLFF,TGTGCCAGCAGCTTGGGGGGACATGAAAAACTGTTTTTT,,,21812,1,,,
TGAGCCGAGATAGCAT-1,false,TGAGCCGAGATAGCAT-1_contig_1,false,511,TRB,TRBV14,TRBD1,TRBJ2-6,TRBC2,true,true,,,,,,,,,,,CASSRTGGANVLTF,TGTGCCAGCAGCCGGACAGGGGGGGCCAACGTCCTGACTTTC,,,21192,1,,,
TGAGCCGTCGCCAGCA-1,false,TGAGCCGTCGCCAGCA-1_contig_1,false,488,TRB,TRBV20-1,TRBD1,TRBJ1-2,TRBC1,true,true,,,,,,,,,,,CSATGGYGYTF,TGCAGTGCTACAGGGGGCTATGGCTACACCTTC,,,66,1,,,
TGCACCTAGAGACTTA-1,false,TGCACCTAGAGACTTA-1_contig_1,false,571,TRA,TRAV19,,TRAJ22,TRAC,true,true,,,,,,,,,,,CALSLPASGSARQLTF,TGTGCTCTGAGTTTACCAGCTTCTGGTTCTGCAAGGCAACTGACCTTT,,,25136,1,,,
TGCCAAATCAGATAAG-1,false,TGCCAAATCAGATAAG-1_contig_1,false,481,TRB,TRBV9,,TRBJ1-2,TRBC1,true,true,,,,,,,,,,,CASSVADSFYGYTF,TGTGCCAGCAGCGTAGCGGACTCCTTCTATGGCTACACCTTC,,,17864,1,,,
TGCCCTACACTTCTGC-1,false,TGCCCTACACTTCTGC-1_contig_1,false,470,TRB,TRBV27,,TRBJ2-7,TRBC2,true,true,,,,,,,,,,,CASSLGGPREQYF,TGTGCCAGCAGTTTAGGGGGGCCTCGGGAGCAGTACTTC,,,13542,1,,,
TGCCCTAGTCGTGGCT-1,false,TGCCCTAGTCGTGGCT-1_contig_1,true,374,None,,,TRBJ1-2,TRBC1,false,false,,,,,,,,,,,,,,,74,28,,,
TGCGGGTTCTTACCTA-1,false,TGCGGGTTCTTACCTA-1_contig_1,false,475,TRB,TRBV5-6,,TRBJ1-4,TRBC1,true,true,,,,,,,,,,,CASSLGGHEKLFF,TGTGCCAGCAGCTTGGGGGGACATGAAAAACTGTTTTTT,,,18002,1,,,
TGCTACCGTCCGTTAA-1,false,TGCTACCGTCCGTTAA-1_contig_1,false,520,TRA,TRAV21,,TRAJ10,TRAC,true,true,,,,,,,,,,,CAVTGGGNKLTF,TGTGCTGTGACGGGAGGAGGAAACAAACTCACCTTT,,,26154,1,,,
TGCTACCGTCGATTGT-1,false,TGCTACCGTCGATTGT-1_contig_1,false,512,TRB,TRBV20-1,TRBD1,TRBJ1-2,TRBC1,true,true,,,,,,,,,,,CSATGGYGYTF,TGCAGTGCTACAGGGGGCTATGGCTACACCTTC,,,11254,1,,,
TGGCTGGGTCATGCAT-1,false,TGGCTGGGTCATGCAT-1_contig_1,false,480,None,,,TRBJ1-5,TRBC1,false,false,,,,,,,,,,,,,,,23272,1,,,
TGGCTGGGTTCCACAA-1,false,TGGCTGGGTTCCACAA-1_contig_1,false,494,TRB,TRBV7-2,,TRBJ2-7,TRBC2,true,true,,,,,,,,,,,CASSLAGGYEQYF,TGTGCCAGCAGCTTAGCGGGGGGGTACGAGCAGTACTTC,,,44,1,,,
TGGGAAGTCCCATTTA-1,false,TGGGAAGTCCCATTTA-1_contig_1,false,432,TRA,TRAV9-2,,TRAJ9,TRAC,false,false,,,,,,,,,,,CALNTGGFKTIF,TGTGCTCTCAATACTGGAGGCTTCAAAACTATCTTT,,,33596,1,,,
TGGGAAGTCTCTAGGA-1,false,TGGGAAGTCTCTAGGA-1_contig_1,false,460,TRA,TRAV13-1,,TRAJ6,TRAC,true,false,,,,,,,,,,,,,,,33934,1,,,
TGGGCGTAGCCACCTG-1,false,TGGGCGTAGCCACCTG-1_contig_1,false,503,TRB,TRBV6-1,,TRBJ1-3,TRBC1,true,true,,,,,,,,,,,CASSEQGGNTIYF,TGTGCCAGCAGTGAACAGGGTGGAAACACCATATATTTT,,,96,4,,,
TGGGCGTGTCCAACTA-1,false,TGGGCGTGTCCAACTA-1_contig_1,false,512,TRB,TRBV20-1,TRBD1,TRBJ1-2,TRBC1,true,true,,,,,,,,,,,CSATGGYGYTF,TGCAGTGCTACAGGGGGCTATGGCTACACCTTC,,,22538,1,,,
TGGGCGTTCACCACCT-1,true,TGGGCGTTCACCACCT-1_contig_1,true,552,TRB,TRBV30,,TRBJ1-5,TRBC1,true,true,SQTIHQWPATLVQPVGSPLSLECTVE,TCTCAGACTATTCATCAATGGCCAGCGACCCTGGTGCAGCCTGTGGGCAGCCCGCTCTCTCTGGAGTGCACTGTGGAG,GTSNPN,GGAACATCAAACCCCAAC,LYWYRQAAGRGLQLLFY,CTATACTGGTACCGACAGGCTGCAGGCAGGGGCCTCCAGCTGCTCTTCTAC,SVGIG,TCCGTTGGTATTGGC,QISSEVPQNLSASRPQDRQFILSSKKLLLSDSGFYL,CAGATCAGCTCTGAGGTGCCCCAGAATCTCTCAGCCTCCAGACCCCAGGACCGGCAGTTCATCCTGAGTTCTAAGAAGCTCCTTCTCAGTGACTCTGGCTTCTATCTC,CAWSVDNNQPQHF,TGTGCCTGGAGTGTGGACAACAATCAGCCCCAGCATTTT,GDGTRLSIL,GGTGATGGGACTCGACTCTCCATCCTAG,5408,3,clonotype3,clonotype3_consensus_1,1
TGGGCGTTCACCACCT-1,true,TGGGCGTTCACCACCT-1_contig_2,true,541,TRA,TRAV12-2,,TRAJ22,TRAC,true,true,QKEVEQNSGPLSVPEGAIASLNCTYS,CAGAAGGAGGTGGAGCAGAATTCTGGACCCCTCAGTGTTCCAGAGGGAGCCATTGCCTCTCTCAACTGCACTTACAGT,DRGSQS,GACCGAGGTTCCCAGTCC,FFWYRQYSGKSPELIMF,TTCTTCTGGTACAGACAATATTCTGGGAAAAGCCCTGAGTTGATAATGTTC,IYSNGD,ATATACTCCAATGGTGAC,KEDGRFTAQLNKASQYVSLLIRDSQPSDSATYL,AAAGAAGATGGAAGGTTTACAGCACAGCTCAATAAAGCCAGCCAGTATGTTTCTCTGCTCATCAGAGACTCCCAGCCCAGTGATTCAGCCACCTACCTC,CAASGSARQLTF,TGTGCCGCTTCTGGTTCTGCAAGGCAACTGACCTTT,GSGTQLTVLP,GGATCTGGGACACAATTGACTGTTTTACCTG,14924,1,clonotype3,clonotype3_consensus_2,1
TGGTTCCAGTGAATTG-1,false,TGGTTCCAGTGAATTG-1_contig_1,false,511,TRB,TRBV14,TRBD1,TRBJ2-6,TRBC2,true,true,,,,,,,,,,,CASSRTGGANVLTF,TGTGCCAGCAGCCGGACAGGGGGGGCCAACGTCCTGACTTTC,,,23130,1,,,
TGTATTCCAGCGATCC-1,false,TGTATTCCAGCGATCC-1_contig_1,false,475,TRB,TRBV5-6,,TRBJ1-4,TRBC1,true,true,,,,,,,,,,,CASSLGGHEKLFF,TGTGCCAGCAGCTTGGGGGGACATGAAAAACTGTTTTTT,,,20590,1,,,
TGTCCCAGTACCGTTA-1,false,TGTCCCAGTACCGTTA-1_contig_1,true,326,None,,,TRBJ2-3,TRBC2,false,false,,,,,,,,,,,,,,,66,21,,,
TGTCCCAGTTACTGAC-1,false,TGTCCCAGTTACTGAC-1_contig_1,false,490,TRA,TRAV29/DV5,,TRAJ32,TRAC,true,true,,,,,,,,,,,CAGDGGATNKLIF,TGTGCTGGCGATGGTGGTGCTACAAACAAGCTCATCTTT,,,35450,1,,,
TGTGGTAAGAATGTGT-1,false,TGTGGTAAGAATGTGT-1_contig_1,false,502,TRB,TRBV7-9,,TRBJ1-2,TRBC1,true,true,,,,,,,,,,,CASSFQGANYGYTF,TGTGCCAGCAGCTTCCAGGGGGCTAACTATGGCTACACCTTC,,,806,1,,,
TGTGTTTAGGTGCACA-1,false,TGTGTTTAGGTGCACA-1_contig_1,false,469,TRB,TRBV28,,TRBJ1-5,TRBC1,true,true,,,,,,,,,,,CASSLGGGNQPQHF,TGTGCCAGCAGTTTAGGGGGGGGCAATCAGCCCCAGCATTTT,,,17950,1,,,
TTAACTCCACGAAATA-1,false,TTAACTCCACGAAATA-1_contig_1,false,487,TRB,TRBV9,,TRBJ1-2,TRBC1,true,true,,,,,,,,,,,CASSVNYGYTF,TGTGCCAGCAGCGTAAACTATGGCTACACCTTC,,,15442,1,,,
TTAACTCGTCATCGGC-1,false,TTAACTCGTCATCGGC-1_contig_1,false,487,TRB,TRBV5-6,,TRBJ1-4,TRBC1,true,true,,,,,,,,,,,CASSLGGHEKLFF,TGTGCCAGCAGCTTGGGGGGACATGAAAAACTGTTTTTT,,,16776,1,,,
TTAGGCAAGTTCGATC-1,false,TTAGGCAAGTTCGATC-1_contig_1,false,435,TRA,TRAV9-2,,TRAJ9,TRAC,false,false,,,,,,,,,,,CALNTGGFKTIF,TGTGCTCTCAATACTGGAGGCTTCAAAACTATCTTT,,,25754,1,,,
TTAGGCATCCCTTGCA-1,false,TTAGGCATCCCTTGCA-1_contig_1,false,490,TRB,TRBV5-1,,TRBJ2-5,TRBC2,true,true,,,,,,,,,,,CASSARLANYQETQYF,TGCGCCAGCAGCGCCCGACTAGCGAACTACCAAGAGACCCAGTACTTC,,,23382,1,,,
TTAGTTCCAAAGGTGC-1,false,TTAGTTCCAAAGGTGC-1_contig_1,false,520,TRB,TRBV12-3,,TRBJ2-4,TRBC2,true,true,,,,,,,,,,,CASSLGSGRRENIQYF,TGTGCCAGCAGTTTAGGTAGCGGGAGGCGGGAGAACATTCAGTACTTC,,,23430,1,,,
TTATGCTAGGCAGGTT-1,false,TTATGCTAGGCAGGTT-1_contig_1,false,477,TRB,TRBV29-1,,TRBJ2-5,TRBC2,true,true,,,,,,,,,,,CSVEGETQYF,TGCAGCGTTGAGGGGGAGACCCAGTACTTC,,,21150,1,,,
TTATGCTTCAAACCAC-1,false,TTATGCTTCAAACCAC-1_contig_1,false,500,TRB,TRBV7-9,,TRBJ2-4,TRBC2,true,true,,,,,,,,,,,CASSLAGAKNIQYF,TGTGCCAGCAGCTTAGCGGGAGCCAAAAACATTCAGTACTTC,,,44,1,,,
TTATGCTTCCACGACG-1,false,TTATGCTTCCACGACG-1_contig_1,false,480,TRB,TRBV20-1,TRBD1,TRBJ1-2,TRBC1,true,true,,,,,,,,,,,CSATGGYGYTF,TGCAGTGCTACAGGGGGCTATGGCTACACCTTC,,,16654,1,,,
TTATGCTTCCGCATCT-1,false,TTATGCTTCCGCATCT-1_contig_1,false,544,TRB,TRBV5-1,,TRBJ1-2,TRBC1,true,true,,,,,,,,,,,CASSFGNYGYTF,TGCGCCAGCAGCTTCGGAAACTATGGCTACACCTTC,,,31280,2,,,
TTCGAAGCACACATGT-1,false,TTCGAAGCACACATGT-1_contig_1,false,498,TRB,TRBV7-9,,TRBJ2-4,TRBC2,true,true,,,,,,,,,,,CASSLQGQNIQYF,TGTGCCAGCAGCTTACAGGGCCAAAACATTCAGTACTTC,,,20,1,,,
TTCTACAGTAATAGCA-1,false,TTCTACAGTAATAGCA-1_contig_1,false,394,TRA,TRAV8-1,,TRAJ3,TRAC,true,false,,,,,,,,,,,,,,,70,1,,,
TTCTCCTCACAAGACG-1,false,TTCTCCTCACAAGACG-1_contig_1,false,488,TRB,TRBV14,TRBD1,TRBJ2-6,TRBC2,true,true,,,,,,,,,,,CASSRTGGANVLTF,TGTGCCAGCAGCCGGACAGGGGGGGCCAACGTCCTGACTTTC,,,18290,1,,,
TTGACTTAGGCGATAC-1,false,TTGACTTAGGCGATAC-1_contig_1,false,522,TRA,TRAV14/DV4,,TRAJ17,TRAC,true,true,,,,,,,,,,,CAMREGRTGNKLTF,TGTGCAATGAGAGAGGGCCGGACAGGCAACAAGCTAACTTTT,,,88,1,,,
TTGACTTCACTTCTGC-1,false,TTGACTTCACTTCTGC-1_contig_1,false,510,TRB,TRBV12-3,,TRBJ2-4,TRBC2,true,true,,,,,,,,,,,CASSLGSGRRENIQYF,TGTGCCAGCAGTTTAGGTAGCGGGAGGCGGGAGAACATTCAGTACTTC,,,19834,1,,,
TTGACTTTCATGTCTT-1,false,TTGACTTTCATGTCTT-1_contig_1,false,662,TRA,TRAV8-6,,TRAJ12,TRAC,true,true,,,,,,,,,,,CAVTRMDSSYKLIF,TGTGCTGTGACTCGGATGGATAGCAGCTATAAATTGATCTTC,,,2024,1,,,
TTGCCGTCACCAGCAC-1,false,TTGCCGTCACCAGCAC-1_contig_1,false,489,TRB,TRBV20-1,TRBD1,TRBJ1-2,TRBC1,true,true,,,,,,,,,,,CSATGGYGYTF,TGCAGTGCTACAGGGGGCTATGGCTACACCTTC,,,22858,1,,,
TTGCGTCCACATCTTT-1,false,TTGCGTCCACATCTTT-1_contig_1,false,746,TRB,TRBV29-1,,TRBJ2-5,TRBC2,true,false,,,,,,,,,,,CSVEGETQYF,TGCAGCGTTGAGGGGGAGACCCAGTACTTC,,,1876,1,,,
TTGGAACCAAGAGTCG-1,true,TTGGAACCAAGAGTCG-1_contig_1,true,502,TRB,TRBV5-1,,TRBJ2-1,TRBC2,true,true,KAGVTQTPRYLIKTRGQQVTLSCSPI,AAGGCTGGAGTCACTCAAACTCCAAGATATCTGATCAAAACGAGAGGACAGCAAGTGACACTGAGCTGCTCCCCTATC,SGHRS,TCTGGGCATAGGAGT,VSWYQQTPGQGLQFLFE,GTATCCTGGTACCAACAGACCCCAGGACAGGGCCTTCAGTTCCTCTTTGAA,YFSETQ,TACTTCAGTGAGACACAG,RNKGNFPGRFSGRQFSNSRSEMNVSTLELGDSALYL,AGAAACAAAGGAAACTTCCCTGGTCGATTCTCAGGGCGCCAGTTCTCTAACTCTCGCTCTGAGATGAATGTGAGCACCTTGGAGCTGGGGGACTCGGCCCTTTATCTT,CASSLAGNEQFF,TGCGCCAGCAGCTTGGCTGGGAATGAGCAGTTCTTC,GPGTRLTVL,GGGCCAGGGACACGGCTCACCGTGCTAG,4694,8,clonotype7,clonotype7_consensus_1,1
TTGGAACTCTCGGACG-1,false,TTGGAACTCTCGGACG-1_contig_1,false,523,TRA,TRAV14/DV4,,TRAJ17,TRAC,true,true,,,,,,,,,,,CAMREGRTGNKLTF,TGTGCAATGAGAGAGGGCCGGACAGGCAACAAGCTAACTTTT,,,4812,1,,,
TTGGCAACATGCCTAA-1,false,TTGGCAACATGCCTAA-1_contig_1,false,514,TRA,TRAV20,,TRAJ28,TRAC,true,true,,,,,,,,,,,CAVQADSGAGSYQLTF,TGTGCTGTGCAGGCCGACTCTGGGGCTGGGAGTTACCAACTCACTTTC,,,132,1,,,
TTGGCAAGTCAACATC-1,false,TTGGCAAGTCAACATC-1_contig_1,false,477,None,,,TRBJ1-5,TRBC1,false,false,,,,,,,,,,,,,,,22108,1,,,
TTGGCAAGTCAACATC-1,false,TTGGCAAGTCAACATC-1_contig_2,false,663,TRA,TRAV8-2,,TRAJ3,TRAC,true,false,,,,,,,,,,,,,,,12584,1,,,
TTGTAGGCAACACCCG-1,false,TTGTAGGCAACACCCG-1_contig_1,false,317,TRB,TRBV7-8,,TRBJ2-7,TRBC2,false,false,,,,,,,,,,,CASSLDRAEQYF,TGTGCCAGCAGCTTAGACAGGGCCGAGCAGTACTTC,,,24966,1,,,
TTTACTGAGGTTACCT-1,false,TTTACTGAGGTTACCT-1_contig_1,false,475,TRB,TRBV5-6,,TRBJ1-4,TRBC1,true,true,,,,,,,,,,,CASSLGGHEKLFF,TGTGCCAGCAGCTTGGGGGGACATGAAAAACTGTTTTTT,,,140,1,,,
TTTACTGGTAGTGAAT-1,false,TTTACTGGTAGTGAAT-1_contig_1,false,544,TRA,TRAV12-2,,TRAJ40,TRAC,true,true,,,,,,,,,,,CAVQNSGTYKYIF,TGTGCCGTGCAGAACTCAGGAACCTACAAATACATCTTT,,,22850,1,,,
TTTACTGGTGCGCTTG-1,false,TTTACTGGTGCGCTTG-1_contig_1,false,499,TRB,TRBV9,,TRBJ2-1,TRBC2,true,true,,,,,,,,,,,CASSGTSGAYNEQFF,TGTGCCAGCAGCGGGACTAGCGGAGCCTACAATGAGCAGTTCTTC,,,16906,1,,,
TTTACTGTCATTTGGG-1,false,TTTACTGTCATTTGGG-1_contig_1,true,552,None,,,TRBJ2-3,TRBC2,false,false,,,,,,,,,,,,,,,112,42,,,
TTTCCTCGTTAGTGGG-1,false,TTTCCTCGTTAGTGGG-1_contig_1,false,306,None,,,TRBJ2-4,TRBC2,false,false,,,,,,,,,,,,,,,28,1,,,
TTTGTCAAGAGCTGCA-1,false,TTTGTCAAGAGCTGCA-1_contig_1,false,469,TRB,TRBV29-1,,TRBJ2-5,TRBC2,true,true,,,,,,,,,,,CSVEGETQYF,TGCAGCGTTGAGGGGGAGACCCAGTACTTC,,,17620,1,,,
